Longitude,Latitude,Mammal,bio_1,bio_2,bio_3,bio_4,bio_5,bio_6,bio_7,bio_8,bio_9,bio_10,bio_11,bio_12,bio_13,bio_14,bio_15,bio_16,bio_17,bio_18,bio_19,Mean.Elevation,SD.Elevation
-105,85,3,-207,67,14,14791,44,-426,470,-26,-374,0,-374,92,20,2,79,53,6,46,6,1,0
-95,85,8,-215.9025157,59.83962264,12.2327044,15097.00314,41.70754717,-428.0377358,469.745283,-31.07232704,-381.6949686,-3.471698113,-384.4371069,102.0125786,20.93081761,3.122641509,69.51572327,55.03144654,9.578616352,48.61320755,9.79245283,418.8759928,375.0499567
-85,85,8,-217.8888889,57.34408602,11.38948626,15866.16965,51.52568698,-430.8195938,482.3452808,-25.71445639,-391.6583035,6.211469534,-391.6583035,115.1087216,17.84468339,4.954599761,50.33691756,50.61648746,15.94862605,44.63799283,15.94862605,513.4965882,415.448684
-75,85,7,-215.2236728,54.71366406,11.93994778,14370.43255,27.29677981,-412.9582245,440.2550044,-40.43690165,-373.7180157,-13.67275892,-374.4116623,180.6318538,24.20365535,9.248041775,38.31766754,69.12010444,28.95735422,60.86858138,28.98781549,885.5653624,517.5145113
-65,85,8,-179.2314815,60.90393519,14.27430556,12942.8206,47.81365741,-364.9143519,412.7280093,-21.56597222,-322.2534722,3.642361111,-324.1701389,161.2361111,23.77893519,7.392361111,43.31018519,67.6875,22.96412037,57.05092593,23.05324074,434.64678,328.509901
-55,85,7,-182.236211,54.23741007,13.25179856,12064.52158,32.02278177,-362.1318945,394.1546763,-52.15707434,-319.971223,-12.13908873,-320.3141487,237.9220624,35.58752998,11.4736211,41.0911271,93.32014388,36.0059952,75.69304556,36.02278177,788.5871164,494.5181073
-45,85,7,-185.2206278,57.35067265,14.37130045,11664.33004,22.29865471,-362.490583,384.7892377,-72.30852018,-304.7049327,-21.05560538,-317.2071749,260.7479821,35.48789238,14.46995516,34.33363229,94.52556054,46.84125561,78.39910314,47.08878924,851.1524836,633.3659306
-35,85,7,-192.4704074,61.51575711,15.59953882,11649.13451,14.04073789,-368.2121445,382.2528824,-88.47809377,-238.1637202,-28.32282859,-322.1245196,271.3812452,34.71483474,15.48808609,28.73405073,94.16064566,52.29900077,79.74404304,54.93312836,761.4135266,543.2718004
-25,85,6,-180.4324578,70.3630394,17.29643527,12031.36304,36.21106942,-360.2476548,396.4587242,-33.01125704,-144.9090056,-10.26360225,-312.3405253,186.9212008,24.0412758,9.283302064,25.52532833,63.48030019,35.53564728,55.35834897,41.45684803,463.3952196,294.277961
-15,85,6,-150.7699758,67.60048426,16.97578692,11952.20097,65.48910412,-322.8014528,388.2905569,-6.629539952,-99.69491525,20.82082324,-279.2493947,177.5496368,23.2590799,6.537530266,32.49878935,63.82082324,28.22033898,51.07263923,35.28571429,171.6630526,310.9867079
15,85,3,-72.12765957,42.91489362,17.29787234,6970.723404,54.70212766,-186.2553191,240.9574468,-13.53191489,-59.25531915,22.59574468,-151.0638298,231.3617021,27.46808511,10.40425532,26.29787234,73.5106383,36.14893617,54.78723404,64.46808511,138.3541296,117.7163915
25,85,3,-71.78740157,45.37007874,19.48818898,6402.314961,47.55905512,-178.7165354,226.2755906,-15.43307087,-63.98425197,15.37795276,-143.6141732,295.0787402,32.47244094,14.38582677,21.77952756,89.48818898,49.21259843,76.79527559,81.03937008,256.7316741,176.8721921
35,85,1,-62.62962963,47.22222222,21,6042.481481,54.37037037,-162.8888889,217.2592593,-6.703703704,-62.44444444,21.74074074,-130.3333333,320.8888889,34.44444444,16.48148148,19.85185185,97.2962963,54.48148148,90.74074074,83.55555556,50.84473083,84.18191248
45,85,1,-102.8534483,63.01724138,21.94827586,7634.103448,47.47413793,-234.7241379,282.1982759,-28.77586207,-99.63793103,0.689655172,-191.2672414,254.2068966,32.20689655,12.42241379,26.19827586,86.18965517,40.57758621,83.8362069,60.26724138,155.2998851,120.6577281
55,85,1,-132.176,69.67466667,20.648,9397.064,45.61333333,-285.1173333,330.7306667,-57.97066667,-109.1946667,-8.269333333,-240.5413333,243.4773333,28.45866667,11.76266667,23.78133333,76.81333333,39.95466667,63.03466667,61.30133333,156.5355699,120.48525
65,85,1,-140.4893617,69.21985816,20,9642.361702,36.14893617,-302.1985816,338.3475177,-25.58865248,-117.5460993,-15.32624113,-254.8794326,203.2978723,23.9787234,10.39007092,25.16312057,66.86524823,33.63120567,53.63829787,46.5177305,177.2548641,134.6714713
75,85,1,-152.1818182,61.36363636,18,10236.81818,17.72727273,-316.3636364,334.0909091,-24.54545455,-211.9090909,-21.09090909,-274.8181818,159.7272727,23.63636364,7.454545455,39.27272727,65.54545455,25.27272727,54.54545455,28.63636364,121.2615185,80.61545567
85,85,1,-152.3333333,61.66666667,18,10267.33333,17.33333333,-317.3333333,334.6666667,-24.66666667,-238.3333333,-21,-275.3333333,152.3333333,23.33333333,7,41.33333333,64.33333333,23.66666667,54,26.33333333,72.66017699,63.01574094
95,85,2,-175.3536122,72.70342205,17.89353612,12112.17871,41.52851711,-356.6159696,398.1444867,-19.34220532,-287.7984791,-15.86311787,-315.5437262,159.3878327,27.14448669,7.562737643,53.80608365,77.24714829,24.18631179,64.5095057,24.74524715,247.328858,237.9609376
-175,75,5,-123.2571429,60.74285714,16.67142857,10890.71429,49.21428571,-306.7,355.9142857,8.328571429,-177.2428571,14.12857143,-255.0714286,165.9,27.55714286,6.8,45.12857143,71.01428571,22.27142857,62.91428571,29.7,140.5949307,148.0096629
-165,75,22,-101.275,63.225,15.8,12089.475,103.45,-289.65,393.1,50.75,-192.375,56.275,-241.4,148.625,33.425,5,74.875,84.8,16.025,71.425,16.575,25.64493267,14.45552042
-155,75,23,-118.4034582,77.90778098,16.57925072,13439.78674,116.5417867,-337.8299712,454.3717579,48.93659942,-217.1988473,57.13544669,-279.9884726,137.518732,33.22766571,4.181556196,74.25936599,74.29971182,14.59654179,68.88760807,15.98270893,21.06337721,16.79949378
-145,75,22,-113.5697674,93.20930233,18.52325581,14202.05814,139.1860465,-349.5581395,488.744186,58.58139535,-238.5348837,72.60465116,-285.1511628,146.7906977,31,4.290697674,64.1744186,71.70930233,14.11627907,69.73255814,18.70930233,21.92483489,19.26095459
-135,75,22,-113.2857143,67.42857143,14,14133.71429,134.5714286,-321.7142857,456.2857143,62.85714286,-251,73,-276.7142857,122.1428571,28,3,70.28571429,64.85714286,11,58.71428571,11.71428571,1,0
-125,75,23,-150.8657343,56.13426573,12.66853147,13362.64755,78.41678322,-347.6153846,426.0321678,14.69090909,-306.9188811,28.01958042,-307.5160839,118.213986,24.78321678,2.904895105,67.72727273,61.32867133,10.17062937,52.35524476,10.18741259,141.4633384,98.85959438
-115,75,10,-169.0173116,59.0814664,12.67107943,14037.54379,70.85132383,-377.5127291,448.364053,6.474541752,-332.8940937,19.88136456,-332.8991853,107.7306517,21.83452138,2.5,70.33248473,57.64562118,9.013747454,49.88492872,9.014256619,167.1253389,118.7112396
-105,75,9,-174.2658537,63.80182927,13.37073171,14352.60244,73.75365854,-385.7012195,459.454878,5.53902439,-338.4323171,20.55365854,-339.1939024,89.05060976,18.4695122,1.483536585,72.04634146,48.75060976,6.749390244,41.7902439,6.800609756,92.18008343,72.97944685
-95,75,14,-176.9441624,66.82510383,14.05399169,14221.39409,70.07014305,-389.1564375,459.2265805,0.447161975,-340.2081218,17.11952007,-341.4467005,123.4374712,26.45546839,3.185048454,71.06783572,66.38071066,10.45916013,58.39640055,10.59021689,214.2572934,265.0500036
-85,75,10,-171.7239181,62.69775243,13.32472325,14223.98222,76.1848373,-378.4803757,454.665213,1.220731298,-334.0784971,23.47098289,-334.0999665,160.1744381,28.77222409,5.025830258,60.67561221,76.74169742,16.24320698,64.67796042,16.24454881,377.7764387,328.9824332
-75,75,11,-167.6027479,62.64994026,13.92353644,13591.25747,64.99283154,-370.6911589,435.6839904,0.487455197,-324.0298686,15.40083632,-324.9569892,196.7592593,31.53703704,7.242532855,51.95818399,87.4958184,23.09199522,74.67264038,23.13321386,579.93533,390.9112812
-65,75,11,-160.1874533,56.76699029,14.40403286,11865.07618,44.31441374,-337.2173264,381.5317401,-54.2098581,-296.004481,2.818521285,-297.8924571,232.7781927,31.38312173,11.07542942,36.12023898,87.55862584,35.86034354,69.46228529,35.95519044,788.2525248,419.7551848
-55,75,8,-162.3148668,43.92286115,12.19004208,10516.71353,21.86921459,-327.7303647,349.5995792,-131.4084853,-287.0550491,-18.5326087,-288.002805,422.0550491,55.66900421,23.35098177,31.23281907,150.6679523,73.28962132,113.9102384,73.34992987,1504.241182,601.9649635
-45,75,4,-204.6972222,41.63583333,11.64527778,10413.37194,-17.04722222,-361.2444444,344.1972222,-205.3327778,-247.5636111,-58.59833333,-322.1705556,775.2175,87.32444444,50.60722222,18.94583333,249.8263889,162.9816667,187.1125,169.8675,2457.308012,351.3321693
-35,75,3,-214.9613889,43.04861111,12.84361111,9809.655556,-39.90305556,-363.0280556,323.125,-203.76,-144.3547222,-77.52388889,-323.9905556,949.8441667,100.3738889,59.06166667,16.17555556,291.8544444,201.4616667,222.9136111,228.8352778,2494.887397,434.7977759
-25,75,6,-167.8130106,69.70347958,20.48623298,9702.72466,11.81059002,-323.5219365,335.3325265,-68.51437216,-127.791528,-33.39969743,-275.3688351,499.5204236,56.23237519,31.56369138,16.56913767,147.5818457,105.122239,131.9984871,127.3062027,1201.091721,671.5751307
-15,75,6,-127.3913043,70.67391304,19.45289855,10518.30797,64.81884058,-291.2173913,356.0362319,-15.97101449,-82.99275362,20.64492754,-241.7427536,179.4094203,19.9384058,6.862318841,26.27173913,55.55797101,26.77536232,45.35507246,47.18115942,127.4295938,178.4272229
-5,75,3,-19,41.07692308,26.15384615,3991.076923,61.92307692,-92.15384615,154.0769231,-7.846153846,-14.53846154,35.15384615,-64.69230769,752.6923077,88.15384615,36.15384615,25.46153846,245.0769231,124.5384615,198.6153846,193.9230769,429.8968023,433.020649
15,75,10,-71.00127226,43.18447837,17.95292621,6736.71883,53.51653944,-181.0152672,234.5318066,-6.582697201,-57.83587786,20.69847328,-147.6132316,348.5725191,39.88931298,17.88422392,22.09796438,108.4007634,60.18829517,87.26844784,93.43638677,419.9302348,287.4775861
25,75,27,-40.75901876,60.21067821,22.74170274,6795.878788,92.80519481,-163.5670996,256.3722944,8.349206349,-48.54256854,50.88888889,-120.2510823,434.6060606,50.3968254,23.75757576,21.97835498,137,77.92352092,124.3636364,108.6608947,294.2075648,177.8615793
35,75,20,-0.222222222,50.03703704,23.33333333,5554,111.4814815,-97.74074074,209.2222222,66.62962963,-15.2962963,75.03703704,-63.62962963,524.4814815,56.25925926,29.11111111,20.22222222,164.8518519,96.14814815,155,124.8518519,176.5760697,102.9240101
55,75,9,-80.52896725,79.08060453,22.51007557,9040.221662,106.9193955,-238.1020151,345.0214106,38.75692695,-108.1599496,40.02518892,-187.1473552,357.9647355,46.74055416,18.05163728,30.17758186,130.2695214,61.68639798,122.6712846,71.64609572,270.7656958,229.7696399
65,75,16,-105.0707965,73.47610619,19.33097345,10464.53628,90.20884956,-279.9292035,370.1380531,25.5380531,-185.0106195,31.59823009,-230.9451327,252.5168142,36.27964602,12.37699115,36.1699115,96.14867257,39.44778761,88.72920354,43.17345133,217.1263434,258.8806241
75,75,17,-104.661435,69.17825112,16.80941704,11920.4148,102.7914798,-296.5874439,399.3789238,53.03363229,-196.5224215,53.29596413,-245.396861,309.8856502,46.42488789,15.10986547,37.42152466,120.5852018,48.34304933,120.4730942,56.0470852,24.1211816,16.17934181
85,75,26,-118.1640049,75.71867322,16.3507371,13313.70516,124.4422604,-324.7346437,449.1769042,55.58722359,-215.0614251,58.40786241,-271.3654791,326.6529484,52.34275184,14.01842752,46.3458231,139.7856265,44.1529484,121.6369779,56.88513514,70.06081877,62.23387293
95,75,30,-139.4211524,85.1550417,17.12623199,14240.47536,125.8297953,-361.1258529,486.9556482,42.34116755,-293.9586808,50.28430629,-305.070508,280.3593632,42.29492039,12.21986353,44.66603487,118.6474602,39.20924943,109.8589841,44.55989386,156.4898557,173.3756611
105,75,27,-147.1485533,86.7815808,16.850741,14790.42802,126.0610445,-376.2731122,502.3341567,44.63338038,-305.1122089,50.20289344,-319.3521524,257.8521524,40.13161609,10.96753705,46.07233592,110.2879323,36.22794637,107.6848977,37.58362738,193.682769,176.8828727
115,75,29,-140.3527295,85.10137972,14.48290342,17130.19796,160.209958,-408.5218956,568.7318536,78.64247151,-324.7402519,83.15716857,-349.7924415,220.4511098,34.47570486,9.211157768,47.0509898,95.31313737,30.10437912,94.60707858,31.21355729,120.2420295,122.8471049
125,75,33,-148.9687757,89.79375514,14.53163517,18417.21857,168.5875103,-430.6195563,599.2070666,69.05505341,-346.1865242,88.03944125,-376.9761709,264.9161873,41.71158587,10.12818406,48.8430567,113.6474938,34.00328677,109.0690222,39.03451109,151.5076293,148.4288291
135,75,29,-151.6508564,105.8972332,18.65085639,17213.02899,149.2621871,-411.2068511,560.4690382,64.81554677,-310.428195,66.46245059,-363.4505929,190.8142292,37.77206851,5.880105402,66.51119895,98.09090909,19.81027668,97.63241107,23.09617918,90.10273438,115.2791536
145,75,25,-145.8958333,92.70014881,18.64583333,14874.18899,117.1525298,-370.0297619,487.1822917,36.49181548,-272.6979167,45.33110119,-323.0818452,147.0208333,28.12723214,3.943452381,67.39806548,74.625,14.29315476,72.71354167,17.453125,25.54844747,37.5975637
155,75,25,-140.737931,95.31724138,17.4183908,16327.56322,146.708046,-386.0505747,532.7586207,59.10344828,-189.0712644,70.83908046,-337.9793103,153.8321839,27.56781609,4.409195402,51.27126437,67.17471264,16.57241379,66.41149425,27.29195402,24.72847717,32.24388984
165,75,20,-139.5555556,101.1666667,21.16666667,13859.66667,108.6111111,-356.9444444,465.5555556,28.5,-245,35.77777778,-303.7777778,116,21.05555556,3.111111111,56.94444444,54.66666667,11.61111111,51.38888889,18.44444444,30.58831004,49.33843003
175,75,24,-136.3023256,74.46511628,17.41860465,12580.02326,76.44186047,-339.5581395,416,20.39534884,-185.2093023,25.95348837,-284.0232558,149.1860465,28.55813953,4.790697674,55.86046512,69.93023256,16.88372093,65.6744186,23.20930233,178.5577132,138.2758889
-175,65,21,-79.6964467,62.23553299,17.80507614,9985.758376,92.72182741,-247.9878173,340.7096447,39.78680203,-126.6192893,48.04974619,-198.7248731,407.6284264,57.4213198,16.59187817,39.32588832,154.6203046,53.69441624,139.457868,75.06091371,209.1206013,181.1546206
-165,65,47,-49.5127926,72.64833968,19.82906913,10662.94502,139.4790419,-220.6788242,360.1578661,81.65596081,-113.4665215,89.89548176,-175.5269461,372.2406097,80.1066957,13.94120849,65.62112139,188.6303756,46.86554164,156.59227,52.83015787,161.1643001,190.9227368
-155,65,48,-63.43423625,97.03602346,21.52192125,12798.33929,169.5696733,-276.1502374,445.7199106,87.54900866,-111.3155543,102.7763195,-220.7556548,373,74.99273946,14.42306618,60.06562413,177.5878246,50.7657079,163.8737783,59.44065903,404.842715,394.6651034
-145,65,53,-70.85927385,107.7900366,23.15142133,12984.11202,172.8736279,-291.1539544,464.0275823,87.66450887,-140.1013228,96.71094849,-230.7041936,394.4292147,64.79960597,15.63467492,57.88066423,171.4050099,53.94624261,153.8325359,73.78637771,791.4769352,560.0184801
-135,65,60,-74.30208333,108.0431134,21.58912037,13565.79398,180.5523727,-311.2864583,491.838831,89.69039352,-154.162037,100.3509838,-242.0810185,308.1964699,51.43894676,12.42042824,48.01157407,129.6177662,42.97309028,126.921875,54.33246528,808.7604688,538.0994068
-125,65,61,-78.39435028,95.20338983,18.78135593,14323.22373,176.880791,-315.9367232,492.8175141,97.59632768,-202.0240113,103.0087571,-257.6214689,325.8310734,52.97711864,13.9440678,47.93672316,138.8319209,45.83841808,136.850565,50.49745763,559.089054,493.177478
-115,65,54,-85.15101449,89.16724638,17.21246377,14698.66667,169.1411594,-332.082029,501.2231884,88.99623188,-219.6733333,100.3655072,-270.1942029,254.7623188,40.88376812,10.3457971,48.41333333,107.6628986,33.71884058,99.69855072,38.96086957,305.1618594,136.1679798
-105,65,46,-114.1800409,82.99474759,15.66121973,15227.993,150.1546542,-362.2725416,512.4271958,71.58681062,-296.40356,80.57893201,-301.8278378,224.5503356,38.84913919,6.86402101,58.8605194,104.2287715,23.74875985,97.23227313,25.06477969,264.9639828,128.9560253
-95,65,34,-134.2043184,83.90525298,15.7296165,15369.33999,135.4247502,-381.8830164,517.3077667,57.90041895,-321.3822108,62.08185627,-322.4289397,228.751853,40.41604898,5.381566226,63.36545279,111.1575894,19.59619723,97.54753464,20.13438608,144.3095691,99.14489864
-85,65,15,-128.9030704,76.86815172,16.08549067,13525.04877,114.8416616,-348.2444311,463.0860927,38.31908489,-292.7086093,46.99939795,-292.8181818,231.6773028,44.77603853,5.178807947,65.41180012,113.308248,18.02107164,97.69596629,18.30523781,165.0618705,125.5521063
-75,65,19,-102.6932966,67.16161616,15.94995409,11903.65794,105.1216713,-303.6841139,408.8057851,41.2892562,-252.0371901,46.62396694,-253.6629936,303.3613407,50.78833792,10.52387511,52.99311295,130.6101928,34.20844812,116.2089073,34.29935721,192.5830097,172.3364678
-65,65,21,-109.0791063,62.08333333,16.00966184,11092.4535,82.49094203,-293.7572464,376.2481884,0.546497585,-242.1135266,30.39190821,-249.40157,377.7155797,57.12922705,13.11956522,46.37318841,155.8429952,45.56219807,129.5869565,46.62862319,458.768706,344.2130339
-55,65,7,-50.06918239,63.62389937,21.68427673,7971.899371,101.5157233,-187.8251572,289.3408805,34.56855346,-126.3471698,54.00880503,-147.6062893,447.3345912,52.63899371,25.44654088,27.37358491,150.2050314,80.62012579,132.6477987,83.18867925,453.1623618,367.6470476
-45,65,7,-99.18909549,52.78758273,19.85660258,7469.476521,48.89883391,-216.5710684,265.4699023,-99.07343208,-69.72801765,3.506460763,-182.6908289,1220.349827,130.0816262,78.83296565,16.53135834,372.5924992,249.956508,274.4513079,295.1714466,1854.956673,750.4873977
-35,65,4,-131.6211523,45.52880821,18.41120758,6898.546961,0.445146014,-245.1578532,245.6029992,-127.4088398,-58.16732439,-37.32123125,-209.5974743,1359.745067,142.0805051,74.17837411,16.87766377,407.2454617,270.9928966,287.1049724,358.1633781,2218.943821,849.2585557
-25,65,7,-44.003125,56.2,27.7578125,5346.475,64.5875,-138.153125,202.740625,-30.196875,9.7234375,28.2140625,-104.3765625,1016.253125,109.6984375,60.5140625,17.11875,299.1765625,199.259375,225.815625,281.346875,968.2581963,797.4801865
-15,65,4,10.34219858,55.82446809,33.55319149,3956.640071,102.106383,-61.73404255,163.8404255,-8.835106383,40.26950355,65.00531915,-32.64184397,1228.001773,136.0301418,73.61702128,18.70744681,364.0336879,232.8510638,263.9858156,341.4078014,602.7541111,384.2207401
-5,65,7,62.93333333,43.15,34.26666667,2981.85,131.2,6.7,124.5,44.95,89.26666667,102.5666667,29.3,1322.4,155.75,63.98333333,29.9,449.2,203.6,251.45,387.2,114.0598141,114.4596725
5,65,45,22.56885246,62.56885246,27.63278689,5697.481967,145.1081967,-77.63770492,222.7459016,37.17540984,16.59180328,97.78360656,-46.80819672,1435.245902,173.942623,66.81311475,28.23606557,489.3622951,230.8770492,335.3196721,378.0081967,816.1762606,473.0879985
15,65,53,15.52141527,74.76573557,25.39068901,7504.359032,169.7296089,-121.2741155,291.0037244,87.73035382,-22.68268156,114.4960894,-78.61042831,826.8916201,105.7951583,41.2867784,29.49050279,282.0800745,137.6823091,244.0793296,190.3627561,474.2933778,284.8119831
25,65,57,8.102587519,81.9196347,22.96590563,9143.447184,191.139726,-158.1884323,349.3281583,116.3656012,-60.33729072,129.1552511,-107.3704718,549.1829528,73.73546423,27.72359209,32.25022831,198.0024353,87.44657534,190.2803653,106.2554033,204.9199644,157.7719025
35,65,58,7.662779397,74.7116942,21.01360544,9154.92517,190.0835763,-157.1286038,347.2121801,104.9931973,-87.6313573,127.7955944,-109.0813087,561.8645935,73.85843861,25.25072886,33.02040816,201.5970198,84.14188533,193.1839974,98.77842566,144.1336436,87.66197247
45,65,52,-0.134447674,86.37172965,21.52434593,10020.33358,205.1031977,-188.3909884,393.494186,115.9778343,-105.2532703,129.8553779,-130.1704215,555.346657,71.203125,25.26744186,31.03597384,195.1598837,84.53815407,191.2837936,98.74055233,116.8778069,60.19971511
55,65,55,-21.93194707,88.30655325,19.70667927,11424.75709,207.1235035,-229.458097,436.5816005,118.8809074,-109.7555135,127.2718967,-168.5504096,567.1071204,72.18147448,26.56458727,30.90800252,199.247322,87.14933837,193.0979836,104.6817895,161.3918722,129.6966841
65,65,53,-44.57596765,90.71634893,18.97978047,12730.93241,200.8555748,-264.6741768,465.5297516,117.7897169,-184.8027152,121.231658,-206.0716349,477.0996534,68.35817447,18.89283651,41.06210283,189.3567302,63.90843443,185.7498556,71.86568458,108.7628773,129.6320406
75,65,49,-60.80709921,83.54873436,17.18475415,13489.02997,186.8242653,-283.7896421,470.6139075,113.3552517,-199.9482106,116.1931917,-227.6921734,476.370963,68.97497818,20.0096014,38.67558918,186.5318592,67.79895257,183.2304335,77.07913878,55.81262465,29.59096928
85,65,48,-64.71416667,93.95,17.88166667,14352.70611,208.0447222,-302.3930556,510.4377778,98.73361111,-181.5772222,124.8808333,-242.2883333,521.9461111,67.71333333,21.85,35.67861111,191.8533333,75.15777778,180.8697222,89.77083333,109.631194,99.48657121
95,65,51,-100.1516667,105.4927778,18.0575,16082.23139,199.2872222,-369.5947222,568.8819444,91.58777778,-255.8541667,107.0088889,-305.6408333,509.2155556,74.21638889,19.1575,41.31694444,198.4616667,66.98638889,193.29,77.94666667,533.0574222,255.2517168
105,65,42,-106.8641667,118.9627778,18.83083333,17495.89528,211.8775,-403.5241667,615.4016667,117.2530556,-295.5630556,117.2530556,-330.1213889,338.2705556,55.38611111,10.18805556,52.71638889,152.0275,35.57777778,152.0275,41.32305556,408.4602326,121.4003787
115,65,45,-109.335,106.6888889,16.48027778,18604.34361,213.7475,-415.0816667,628.8291667,126.1016667,-286.8158333,126.1644444,-348.6055556,311.7744444,52.91111111,9.206388889,53.43138889,141.3158333,32.20055556,141.3130556,38.71277778,308.2605389,107.2310592
125,65,48,-122.0555556,100.23,14.95333333,19865.93833,213.1788889,-435.6944444,648.8733333,122.1294444,-304.5669444,127.0169444,-378.2527778,311.6633333,53.08805556,9.121944444,57.51388889,145.57,30.66722222,145.0447222,35.89861111,369.9520854,345.2943063
135,65,48,-149.6525,115.135,16.46972222,21075.97111,199.3583333,-479.2630556,678.6213889,110.2294444,-373.7288889,110.24,-421.8627778,305.3288889,61.26333333,6.676111111,73.37861111,166.4044444,22.23138889,166.4022222,25.50861111,620.1387299,404.3199692
145,65,44,-150,105.0666667,17.2575,18443.04389,163.4502778,-428.8025,592.2527778,82.79277778,-297.9108333,83.61388889,-379.8327778,303.7947222,62.31666667,7.116666667,69.67277778,158.995,26.31611111,158.5655556,33.60694444,738.2396299,513.6060805
155,65,45,-122.5136661,100.0742721,17.26440879,17316.39335,176.6247772,-386.9441474,563.5689245,92.19578134,-179.1485443,99.24717766,-337.3036245,281.1215092,48.91117053,8.177658942,51.32828283,123.8214498,31.71865716,122.2762923,49.28936423,370.7653339,336.0291961
165,65,42,-113.4869173,96.26857143,19.37293233,14679.88902,154.3266165,-332.7359398,487.0625564,71.51969925,-158.3630075,80.1762406,-285.0721805,322.7196992,51.31278195,12.44601504,47.06135338,133.6069173,41.34646617,128.5037594,64.63007519,417.4368366,286.961654
175,65,33,-105.3981059,85.41985268,18.86671343,12955.34619,135.6271484,-306.1894072,441.8165556,60.01052262,-143.3675903,68.59873729,-250.3384777,329.0091196,51.39074009,14.15257804,41.3019993,127.961417,48.22483339,122.338127,73.09259909,343.1261117,285.9132991
-175,55,3,41.14141414,45.53535354,29.11111111,3615.232323,125.8989899,-27.88888889,153.7878788,33.13131313,59.15151515,92.03030303,-0.313131313,1310.555556,160.0505051,67.50505051,27.55555556,451.2424242,215.2929293,291.979798,333.0707071,195.8223761,221.4603374
-165,55,35,19.72020725,57.60621762,25.40414508,5978.419689,139.3264249,-85.56217617,224.888601,62.75388601,-25.93782383,99.62953368,-51.16580311,832.9715026,115.5284974,39.9507772,36.74870466,314.8911917,133.7979275,261.0647668,156.3393782,186.7448809,221.5451711
-155,55,43,15.23067776,74.09988109,27.61593341,6961.561237,156.8073722,-108.0118906,264.8192628,74.1510107,-28.24019025,106.9524376,-68.47562426,772.7598098,102.3697979,41.02972652,33.07134364,278.2045184,136.2532699,220.9369798,171.2841855,234.2394028,286.4426767
-145,55,38,33.05769231,67.19230769,29.03846154,5757.403846,153.5,-73.75,227.25,38.71153846,76.75,108.8653846,-35.78846154,1944.788462,273.4615385,89.63461538,35.26923077,723.9423077,318.9615385,381.5961538,497.5961538,261.4146313,274.064106
-135,55,60,19.8373494,81.45180723,29.77786145,6602.941265,162.8915663,-109.2673193,272.1588855,33.12349398,44.92018072,104.8569277,-62.90662651,1578.97741,229.5180723,69.47289157,33.41792169,581.559488,235.6799699,307.6061747,438.0798193,828.2672976,569.7634773
-125,55,90,5.80203193,106.3457184,29.23860668,8882.496081,191.1642961,-173.3349782,364.4992743,57.5030479,-23.5532656,115.777939,-110.3224964,762.532656,102.9976778,30.75674891,34.90275762,283.6,110.6507983,194.777939,217.0046444,1062.19202,472.1967767
-115,55,95,1.8825,119.4794444,26.66833333,11275.43194,218.2691667,-227.9361111,446.2052778,119.3797222,-64.43333333,137.4133333,-150.0830556,488.6727778,78.92277778,20.98166667,48.97861111,212.2477778,70.36388889,205.7841667,87.14666667,824.3597285,499.4245513
-105,55,83,-10.865,112.0152778,22.07,13391.80083,228.0027778,-270.4366667,498.4394444,148.2022222,-164.2161111,151.2608333,-192.0108333,437.6672222,73.73083333,15.29833333,52.47861111,196.0175,54.48361111,195.2675,57.03138889,467.8886729,126.3931985
-95,55,73,-26.85398094,105.2191823,20.19827851,13863.00061,218.4343683,-290.4814018,508.9157701,138.332616,-192.2250231,142.1669228,-214.4512757,518.1039041,78.24715647,17.62834307,47.68398401,217.5293575,62.37995696,215.3433753,65.18321549,243.9831276,95.32247577
-85,55,51,-21.68878357,109.702475,21.57030016,13146.93839,214.8857293,-282.6587678,497.5444971,132.940495,-174.4802528,137.8225382,-199.9478673,631.1363876,88.57135334,24.60768826,41.77988415,244.6677199,84.03317536,242.3749342,90.89362823,149.4007992,98.27175464
-75,55,47,-44.36525822,90.70735524,19.60751174,12342.95962,166.5912363,-282.5543036,449.1455399,96.98153365,-164.4215962,102.1865415,-211.6087637,666.8644757,92.24444444,26.9743349,41.0713615,260.1840376,91.15305164,245.1017214,99.69201878,301.9177457,155.7319314
-65,55,45,-40.51248399,93.41197183,21.13828425,11404.78233,169.2957746,-262.0867478,431.3825224,88.11427657,-121.4916773,100.4404609,-192.7490397,811.7925736,98.07362356,42.79865557,27.58418694,276.5336108,143.1258003,266.0832266,159.2003841,434.9156816,185.4304861
-55,55,38,-4.48358209,81.77313433,23.00298507,8849.420896,166.0223881,-182.2880597,348.3104478,56.9761194,-32.03731343,105.5776119,-120.8149254,1057.91194,106.5432836,64.70895522,15.24328358,309.8044776,222.2895522,299.2343284,244.4298507,230.7987242,144.714133
-45,55,5,8.4375,57.6875,31.1875,4377,108.4375,-73.5625,182,-15.625,43,65.75,-43.125,1781,179.5625,110.5,14.4375,510.9375,356.5625,380.3125,472.875,274.4269471,189.1369061
-15,55,22,97.8,59.4,40.8,3092.12,176.64,32.76,143.88,71,107.4,138.68,61.6,1375.12,156.88,74.76,26.04,457.12,236,309.8,422.32,115.6516854,140.0105148
-5,55,48,85.60178971,66.91946309,36.59004474,4150.91387,185.0995526,4.11689038,180.9826622,57.00447427,91.59563758,140.2550336,34.96532438,1050.793624,116.9932886,60.92785235,20.37695749,334.8624161,194.4457494,227.3914989,300.4155481,158.4845479,149.8381086
5,55,79,80.1996124,68.50129199,30.03488372,5661.425065,201.1143411,-22.99870801,224.1130491,106.2338501,44.0626615,152.2926357,8.916666667,892.0607235,97.7622739,50.42571059,19.16537468,279.4192506,165.2861757,235.0736434,210.4056848,182.7928169,267.0201244
15,55,82,74.6415977,74.01403383,27.09859662,6943.095358,218.0777258,-49.9870457,268.0647715,153.6293631,8.495142137,163.2270601,-14.69125585,616.5577546,74.33825117,32.04857863,26.76754228,210.1266643,104.9895646,202.5656711,123.7596258,141.995064,138.5190296
25,55,86,62.44273612,78.16818324,24.42987135,8404.644179,225.1286476,-88.63853153,313.7671792,157.0900533,-32.75745215,167.2406652,-47.76561029,628.8597427,82.13053028,28.66457484,32.62849074,229.0549106,97.33856291,223.761845,112.4330091,132.7022666,62.13567346
35,55,88,49.13138889,83.54833333,22.90916667,9728.565556,233.8519444,-123.8488889,357.7008333,169.7727778,-60.6375,170.8858333,-77.16555556,615.0427778,82.52027778,28.28944444,31.31333333,222.3797222,96.19138889,222.0011111,112.6155556,164.3555094,50.81307367
45,55,95,42.55583333,84.80083333,20.58833333,11208.07528,249.2541667,-152.8852778,402.1394444,172.8944444,-54.79944444,182.5144444,-103.3133333,550.6113889,71.24444444,25.66222222,28.54527778,187.9091667,86.90388889,187.5877778,107.3961111,142.1351632,54.62859448
55,55,99,26.48416667,98.66388889,21.50805556,12273.17694,255.2380556,-191.6591667,446.8972222,165.9744444,-76.12833333,178.3666667,-134.9086111,518.1719444,67.41083333,24.05888889,29.37277778,179.3291667,81.26111111,179.0788889,98.35694444,231.6398319,143.0411528
65,55,83,18.32472222,99.66194444,20.80638889,13084.41694,255.7308333,-211.4216667,467.1525,177.5455556,-135.6672222,179.6175,-154.0313889,393.445,66.49861111,14.09361111,44.77666667,165.5005556,49.18972222,165.4319444,57.13944444,176.9786097,95.42430615
75,55,83,6.688888889,102.6827778,20.74916667,13565.29417,253.2525,-229.5802778,482.8327778,172.8052778,-149.3875,174.9127778,-170.9911111,390.4947222,63.29833333,14.00805556,46.16777778,165.8747222,48.66333333,165.4777778,55.72333333,159.5244438,117.1076073
85,55,112,-0.439166667,108.6677778,22.52055556,12992.46917,244.1533333,-229.0366667,473.19,162.1341667,-146.9225,163.0655556,-170.7522222,483.2036111,70.02166667,17.16638889,43.99055556,194.0869444,58.25861111,193.8341667,67.09416667,417.3595188,538.8371583
95,55,109,-34.9975,122.7352778,22.84777778,14408.81917,225.5052778,-300.3483333,525.8536111,140.5997222,-202.2658333,141.8933333,-229.7386111,458.4091667,86.92361111,11.66527778,62.54,218.3708333,41.50833333,218.2644444,47.94111111,804.1289007,645.5227093
105,55,95,-38.34527778,129.8486111,23.84777778,14439.2825,226.8894444,-308.3666667,535.2561111,140.6458333,-200.9786111,141.2419444,-232.4227778,414.0938889,85.90777778,9.228055556,70.55472222,216.8083333,32.79416667,216.6855556,42.305,737.3451646,432.8338606
115,55,88,-65.78333333,138.1880556,23.06222222,16143.39083,221.4244444,-366.1875,587.6119444,133.6533333,-242.2883333,133.6838889,-281.8822222,416.6419444,98.2125,5.809722222,91.27611111,252.6861111,21.01833333,252.6822222,25.20638889,941.9519903,366.0254509
125,55,77,-61.41138889,128.7022222,21.00027778,17024.30611,231.1083333,-368.3008333,599.4091667,146.9533333,-256.2575,147.0830556,-288.5961111,511.79,112.735,7.461944444,84.05833333,293.9997222,27.42333333,293.9819444,29.33944444,652.5459667,299.9101408
135,55,72,-67.4363419,111.1028093,18.67274357,16838.12343,209.9381351,-369.8696952,579.8078302,131.4680215,-252.5376569,135.2086073,-294.8553497,602.2525403,114.5098625,10.89121339,69.84279737,307.2014345,39.5427376,301.2821279,44.92139868,597.1193923,355.7780135
145,55,61,-36.53297443,79.3230148,17.41857335,13009.7389,177.5222073,-263.1843876,440.7065949,100.1816958,-186.2032301,122.5531629,-206.8290713,579.2341857,87.41991925,19.72005384,50.2153432,248.9515478,64.79273217,227.3122476,76.52489906,249.9809661,230.7497061
155,55,44,-26.35125448,65.81810036,20.03942652,9153.888889,134.5421147,-188.0483871,322.5905018,59.15143369,-88.21057348,89.34856631,-140.9964158,745.1397849,100.6648746,31.0546595,37.8844086,275.0887097,106.6792115,244.2768817,141.4596774,386.8125344,361.1226032
165,55,32,-33.36173633,77.94533762,22.00803859,9812.062701,146.659164,-202.6897106,349.3488746,40.88263666,-63.13022508,91.70418006,-154.2363344,676.5353698,82.45659164,32.42282958,28.87138264,226.1157556,107.6173633,196.840836,160.2684887,412.3935511,394.348364
175,55,22,33.78846154,41.30769231,26.09615385,3990.269231,120.0384615,-36.01923077,156.0576923,48.65384615,43.03846154,89.75,-11.51923077,1119.134615,136.0961538,61.73076923,26.05769231,384.5192308,197,311.4038462,253.3846154,200.6463015,189.617901
-125,45,152,78.71971067,118.8040989,41.67148885,5687.148282,243.7383966,-37.97106691,281.7094635,15.65461121,150.2296564,153.7402049,10.13743219,1261.226643,202.2718505,23.56841471,56.53164557,577.7070524,97.91862568,107.1434599,536.4327908,877.9984887,585.2479442
-115,45,142,54.62861111,147.5294444,37.54833333,8109.314722,272.3658333,-115.1144444,387.4802778,29.57277778,97.79444444,160.3733333,-47.69583333,435.5852778,56.50527778,20.02638889,31.26194444,153.1436111,70.88472222,97.84944444,121.2575,1497.026443,559.3418567
-105,45,136,59.27527778,149.4519444,33.44861111,10091.285,290.7436111,-152.4444444,443.1880556,147.7244444,-64.02,188.4863889,-72.11666667,387.4844444,67.67305556,11.86833333,55.82611111,176.1869444,40.54527778,150.6158333,41.03222222,1189.712551,606.2597675
-95,45,100,61.20861111,124.6633333,26.79361111,11507.44556,283.1438889,-174.9180556,458.0619444,192.3777778,-95.33916667,201.62,-96.18388889,683.0308333,100.7319444,17.48583333,51.48388889,280.4530556,63.56277778,275.5291667,63.60555556,392.6843069,116.3380668
-85,45,82,56.04722222,112.0394444,27.02305556,10243.94444,257.8880556,-150.1,407.9880556,156.3038889,-55.5325,181.4416667,-82.16722222,852.3166667,96.51722222,42.06722222,23.91333333,271.0372222,146.635,258.3125,157.1277778,268.9895792,90.73573744
-75,45,78,47.52473807,111.4118161,26.75873108,10361.68161,249.6167055,-162.427241,412.0439464,140.3233411,-47.63736903,174.7636787,-93.01979045,1009.934808,109.3215949,59.98253783,18.62136205,309.830326,194.3571013,297.5584983,212.9062864,321.261506,172.1209577
-65,45,64,40.18169209,99.47226075,25.7815534,9500.49792,229.0693481,-149.4708738,378.5402219,44.14355062,14.08668516,159.2108183,-86.01733703,1127.054092,117.9278779,73.55339806,14.50208044,337.090846,234.7274619,281.131068,283.4361997,207.1346572,156.8945114
-55,45,16,39.60996564,80.09278351,25.63402062,7518.814433,198.8281787,-107.0893471,305.9175258,6.85395189,50.64604811,137.4793814,-54.39003436,1268.427835,128.1666667,81.51202749,13.94158076,371.0738832,262.7920962,304.137457,327.3230241,184.76293,123.5404801
-5,45,91,116.3641756,93.07888493,38.23131673,5220.339265,252.3623962,11.6316726,240.7307236,82.86417556,172.5166074,184.9377224,51.74377224,790.5344009,98.91162515,32.92645314,29.51304864,271.1986951,122.5925267,131.5225386,243.8380783,570.241513,449.0189003
5,45,108,100.9148781,87.47871953,34.46780648,5839.768279,238.3895962,-11.70862132,250.0982175,112.828665,91.27209895,175.6500546,26.32775555,849.1004001,93.27864678,50.03819571,18.51036741,256.1214987,169.7973809,211.8246635,205.0494725,509.7037348,548.6851559
15,45,120,97.56407599,88.59827288,31.23903282,6773.464594,247.4974093,-31.58480138,279.0822107,136.5284974,67.41416235,183.0442142,9.592055268,871.4618307,108.8034542,45.34404145,27.94162349,301.6075993,149.4967185,242.051468,194.5924007,537.4024092,503.4539038
25,45,121,95.55907867,94.45527969,30.08226144,7665.5516,256.5264732,-52.88543225,309.4119055,146.054143,50.85821119,190.4394257,-5.979060724,642.3843853,88.24050254,33.04098115,32.16183069,236.0499551,108.0658092,198.3185761,140.1779838,400.6428712,379.8161224
35,45,133,95.07838795,88.37865368,26.79450841,8606.513729,268.6014172,-59.06465899,327.6660762,149.6842338,72.10761736,203.7187777,-15.27812223,557.7081488,68.44774136,29.80513729,24.39105403,182.8689105,103.3901683,147.911426,147.8108946,330.0225684,465.9227389
45,45,161,88.75922101,98.65181469,26.51283564,9705.83712,285.4989672,-85.33903806,370.8380053,169.5910298,5.168781351,211.0675716,-36.20330481,473.7217468,61.67512541,23.39746238,27.47654175,165.2673355,78.56299793,143.7943346,92.15255238,459.8638188,781.3040253
55,45,116,101.748924,111.5684362,24.64246772,11934.9142,336.2814921,-109.1532281,445.4347202,92.70043042,145.9718795,252.4106169,-52.21291248,158.9629842,19.88895265,7.291248207,31.04591105,53.57675753,25.99799139,30.65050215,38.8286944,87.20013319,102.7385658
65,45,108,94.86694444,120.3991667,25.63805556,12314.03833,338.5175,-125.9072222,464.4247222,79.91083333,173.1141667,248.6361111,-66.86138889,181.0966667,25.91,4.934444444,43.89583333,67.76888889,18.69472222,23.48916667,54.20722222,227.2843819,188.3284481
75,45,139,48.26972222,115.2786111,25.39333333,11770.94778,273.4952778,-173.7680556,447.2633333,118.3033333,29.62833333,191.9638889,-109.8852778,287.4736111,42.19694444,9.5775,41.36916667,112.8066667,36.80611111,75.36,54.76305556,1131.043834,1028.414176
85,45,146,41.32972222,124.9358333,26.06361111,12458.54028,268.8883333,-201.9772222,470.8655556,172.0555556,-104.0638889,189.5722222,-129.5761111,221.2091667,36.99111111,6.498611111,59.60888889,98.59,22.93472222,93.77472222,25.70277778,1298.528532,910.0936453
95,45,137,22.87277778,143.2777778,28.29888889,12955.54139,259.8697222,-240.6436111,500.5133333,179.8625,-127.8308333,180.0077778,-152.8861111,112.1927778,30.40083333,1.135833333,92.65805556,72.66611111,4.788611111,72.665,5.003611111,1597.928079,605.4155662
105,45,128,25.27111111,137.7966667,27.61138889,12877.66611,261.2377778,-229.8969444,491.1347222,182.7675,-135.4205556,183.6572222,-148.2411111,186.1580556,53.34916667,1.320555556,108.2483333,129.9352778,5.056111111,129.7569444,5.116944444,1363.109385,350.8506265
115,45,141,19.31833333,132.2236111,25.66388889,13662.04778,262.6377778,-244.4169444,507.0547222,185.9263889,-158.8916667,186.4522222,-165.9105556,304.1736111,89.335,2.115833333,109.6888889,210.1863889,7.606944444,210.1211111,7.628333333,1011.025211,309.501639
125,45,113,30.61760543,123.8208322,24.02264365,13738.20011,264.1089725,-242.7540334,506.8630059,196.9048967,-156.5318426,197.0670818,-157.6246816,591.3014435,161.9702802,4.926691197,104.7039343,384.8703651,17.50382112,384.7200679,17.51316162,407.6441745,321.0982249
135,45,111,13.68696884,102.3465534,21.101983,13244.00614,236.6751653,-238.7710104,475.4461756,170.7629839,-163.9098206,172.1104816,-168.6411709,726.2851747,143.1680831,11.78234183,74.60764873,373.2563739,43.90651558,372.0094429,44.48394712,343.3295368,296.2366114
145,45,94,44.01006289,75.53584906,21.13207547,9456.969811,215.2465409,-133.9937107,349.2402516,140.0025157,-53.04654088,162.7496855,-79.87672956,1123.255346,150.3660377,51.93207547,33.03018868,403.8113208,173.7496855,390.1660377,205.6100629,275.6834297,262.7998291
155,45,8,16.18367347,53.46938776,24.06122449,5596.591837,121.0408163,-98.2244898,219.2653061,71.24489796,-55.34693878,90.44897959,-55.34693878,1499.734694,184.3673469,77.20408163,25.83673469,508.3673469,274.3265306,444.1020408,274.3265306,264.1193428,238.3607589
-125,35,129,136.138833,146.028169,50.138833,5224.949698,304.0482897,10.60160966,293.4466801,75.70020121,202.195171,203.8993964,72.69416499,707.2595573,137.804829,2.195171026,84.07444668,368.1006036,13.31991952,18.38832998,364.6096579,503.5226553,565.9144115
-115,35,217,139.3880837,159.4222222,43.76586151,7291.762963,335.6518519,-28.4173913,364.0692432,148.1017713,168.9114332,235.5761675,49.71272142,281.2241546,45.02866345,7.068276973,47.38486312,115.8096618,29.54396135,66.40193237,91.43027375,1256.489974,735.8886365
-105,35,197,119.5961111,168.5755556,42.83305556,7935.830556,317.1033333,-73.59888889,390.7022222,205.1661111,62.66361111,221.5775,17.49222222,399.6769444,68.3975,12.01194444,57.15805556,177.5483333,43.26527778,159.9219444,53.53083333,1554.881463,647.0018196
-95,35,114,156.3913889,131.4455556,35.40222222,8346.794167,336.8930556,-31.97944444,368.8725,195.0433333,96.50444444,260.3597222,44.35138889,1033.520833,127.1183333,48.76194444,30.02805556,335.6947222,172.2344444,268.2883333,197.6322222,261.9070022,174.3310897
-85,35,87,149.2219351,128.4840655,37.87855297,7634.205857,313.9758829,-23.32644272,337.3023256,163.8814241,140.4366925,243.904967,46.86792995,1282.792707,141.0620155,74.14900947,18.18662073,388.5073213,252.2483491,342.93942,319.6313523,225.2903101,198.5996277
-75,35,78,138.7353516,121.3671875,35.67773438,7786.332031,305.1103516,-30.71386719,335.8242188,229.9277344,71.66699219,236.5507813,35.47851563,1147.308594,125.4023438,74.50683594,15.66601563,347.4707031,239.7636719,343.6289063,256.8720703,158.1049805,221.1941633
-65,35,1,215.75,54.25,34.5,3633.25,299.25,144.5,154.75,255.75,190.75,264.75,172.5,1482.25,164.5,96.25,13.75,436,316.75,391.25,360,13.74489796,11.40836302
-35,35,4,168.4,46.4,32.8,3005.8,248.4,109.8,138.6,144.2,203.2,211.6,134,1420.4,206.2,54.6,37.6,520.2,181,228.6,484,314.0245614,236.5690563
-25,35,6,164.9166667,52.58333333,37.25,2884.777778,244.4444444,105.1944444,139.25,142.0555556,196.5277778,206.0833333,132.25,1033.722222,133.6388889,34.72222222,39.5,378.6666667,120.9444444,161.3055556,347.25,300.3965566,274.4714812
-15,35,6,174.0666667,57.73333333,45.26666667,2500.6,243.2,116.7333333,126.4666667,157.6,200,208.3333333,145.6,573.6,93.66666667,3.2,69.86666667,271.3333333,20,31.53333333,228.6,660.8446602,447.8544105
-5,35,110,166.5159399,125.2499084,39.91608648,6257.697691,339.495786,28.63539758,310.8603884,122.8922682,242.7988274,250.3569073,89.77061195,395.6046171,58.23671675,3.885305973,53.8739465,158.9963357,23.47966288,26.50897765,144.4272627,754.9924518,522.0122845
5,35,85,188.9845679,128.6415895,37.13271605,7374.340278,374.5030864,33.98842593,340.5146605,135.3591821,284.0462963,285.7835648,96.75925926,227.3186728,33.29050926,2.704861111,49.68287037,89.55594136,17.45987654,21.1558642,80.34529321,487.2142761,359.8482504
15,35,110,188.2608311,116.8045977,40.43589744,5793.489832,333.8081344,52.27409372,281.5340407,137.428824,258.7798408,260.5773652,112.5870911,251.3731211,43.32272325,2.203359859,69.78956676,115.0389036,10.81874447,20.36251105,100.8037135,310.0061251,261.8662748
25,35,132,169.0278409,105.5659091,39.44829545,5736.948295,308.0965909,44.61136364,263.4852273,103.8596591,239.6994318,241.2102273,96.10965909,460.6397727,89.16761364,5.082954545,80.77159091,233.1505682,21.27897727,23.5125,220.3795455,368.8385666,402.2591917
35,35,141,151.9654793,125.1171502,38.18949688,7235.352185,325.3073816,-0.315828131,325.6232097,81.35181785,240.081895,241.3966214,56.89460154,361.3213368,63.29305913,3.068307014,71.66177011,169.9632758,13.20492104,19.39735586,163.094014,840.4248959,520.3415654
45,35,147,165.5869444,136.0558333,35.20444444,8711.129722,369.3491667,-10.41527778,379.7644444,88.39694444,270.2469444,274.1916667,51.84583333,349.0991667,62.95833333,3.305555556,76.26083333,165.1738889,12.55222222,15.54888889,137.8683333,874.5346575,816.1074442
55,35,137,161.3676732,142.7726465,36.17673179,8779.691533,363.6258141,-25.04085258,388.6666667,96.70811131,267.4138544,273.1640024,46.84162226,186.9721729,35.01006513,1.847542925,75.51924216,91.23090586,7.60597987,10.04795737,71.40941385,1089.521821,759.6695498
65,35,149,134.0480556,146.7038889,36.13361111,8859.066111,340.7652778,-59.36555556,400.1308333,63.29277778,231.6591667,246.5566667,16.48638889,272.1772222,58.82222222,0.717777778,88.47833333,149.5422222,4.403888889,10.89638889,112.8441667,1284.446453,969.6416234
75,35,238,74.12694444,118.1497222,31.37805556,8725.936944,256.6047222,-116.7130556,373.3177778,126.1930556,42.59888889,179.1413889,-44.57388889,441.3316667,93.51972222,7.4825,69.00666667,230.6425,36.33333333,135.9158333,87.29805556,2695.359599,1870.866235
85,35,131,-4.895,144.1216667,36.43722222,9041.599722,185.4508333,-209.3855556,394.8363889,103.6936111,-89.10083333,107.2402778,-124.5744444,140.7113889,39.3925,0.869166667,105.7577778,92.37416667,7.022777778,89.45444444,11.56055556,3973.313473,1668.615007
95,35,167,-14.60888889,144.0205556,37.77972222,8318.635556,160.8736111,-217.9530556,378.8266667,87.53722222,-109.0486111,88.08805556,-124.4816667,295.8372222,71.63888889,1.545833333,103.3886111,189.3016667,6.080555556,189.2875,6.730277778,4099.661522,945.667164
105,35,246,75.85277778,118.9266667,31.79277778,8610.949444,248.8441667,-119.2386111,368.0827778,172.7730556,-40.38805556,181.9313889,-41.24333333,595.7758333,120.5741667,4.3825,86.4125,321.9172222,16.85388889,305.6683333,16.86805556,1966.754665,1167.142424
115,35,170,128.5594929,104.4356093,27.45836935,9647.632094,305.434745,-66.14491501,371.57966,240.3840392,2.344569288,248.3235379,-1.633823106,768.0550274,177.1999424,13.82944396,85.41832325,412.5874388,50.80553155,404.5289542,52.29933737,388.012015,502.8581715
125,35,132,120.1818917,89.86580437,25.12287793,9267.764753,288.1447049,-61.36054972,349.5052546,230.4017785,6.029102668,235.2336297,-2.858528698,1154.830234,252.9094584,26.83912692,77.57396928,608.8916734,92.80840744,590.5481002,95.68310428,179.0318108,234.6626419
135,35,66,133.0781853,84.42471042,26.98166023,7857.200772,290.5839768,-16.56274131,307.1467181,202.3774131,57.0984556,234.6814672,33.68629344,1962.623552,287.0762548,76.94111969,42.33783784,747.9710425,254.2249035,687.0694981,291.5415058,446.9394958,442.8745729
145,35,53,108.4292035,84.62389381,25.88938053,8313.455752,274.6283186,-46.63274336,321.2610619,205.1061947,21.13716814,215.5884956,3.942477876,1478.19469,195.7035398,64.43362832,35.2699115,529.7920354,216.4247788,515.8230088,244.0884956,322.8724696,298.0148719
-175,25,1,228.2,48.4,40.4,2615.8,290.8,171.8,119,210.8,229,261.6,195.6,1073,136.6,38.6,29.6,343.8,151.6,291.6,322,5.666666667,2.908872369
-165,25,2,236.7142857,83.85714286,64.85714286,1547.571429,300.7142857,172.7142857,128,224.8571429,251.4285714,255.1428571,216.4285714,402.7142857,88.28571429,7.857142857,94,202.8571429,31.85714286,41.71428571,160.2857143,72.71084337,93.00171653
-155,25,4,221.7666667,83.15,67.16666667,1350.933333,283.3333333,160.2833333,123.05,209.2,235.4166667,238.15,204.4,1373.933333,184.0833333,54.15,43.06666667,496.4833333,207.2666667,218.95,458.5833333,435.1729826,464.5277728
-115,25,130,215.3891547,153.2950558,56.2599681,4511.76236,353.0414673,82.32854864,270.7129187,240.5725678,218.8883573,275.8405104,160.2073365,181.0287081,46.18022329,0.598086124,86.62838915,108.3955343,4.097288676,97.09888357,46.75119617,299.3132919,267.7842388
-105,25,256,188.508706,160.3741891,56.20655514,4389.653124,325.1662684,38.94776374,286.2185046,230.6510755,162.0573575,239.6756572,128.6643906,553.0194606,132.4882212,6.114373506,89.75486514,340.502902,26.51314442,267.0822806,53.11130079,1424.121453,700.9702384
-95,25,245,217.1433198,121.7165992,46.42995951,4975.860729,340.7497976,76.94008097,263.8097166,257.4299595,168.2340081,274.5643725,148.0744939,906.2947368,157.1506073,31.19595142,53.80809717,371.5384615,113.6396761,299.0315789,129.9862348,351.1405468,578.3855402
-85,25,159,235.7529138,109.9487179,55.73659674,3287.402098,328.9032634,128.2319347,200.6713287,271.006993,206.1107226,273.486014,190.3997669,1271.109557,199.5058275,40.4020979,53.72144522,534.2995338,147.2214452,492.509324,168.8671329,27.13697265,46.2109664
-75,25,36,253.0977444,86.92293233,58.40977444,2014.167293,324.4135338,177.4736842,146.9398496,268.9586466,228.5281955,276.9718045,225.3139098,1149.293233,184.2819549,30.86278195,55.9887218,465.3721805,110.8590226,378.4379699,122.2932331,97.7481762,157.2742803
-15,25,60,234.8011628,128.8563953,51.29651163,4194.728488,365.3145349,113.5924419,251.722093,259.3348837,234.672093,288.5732558,179.4593023,52.5372093,13.61337209,0.027906977,84.53604651,30.23139535,1.466860465,15.01802326,17.25813953,263.3133169,141.4330117
-5,25,57,262.5704362,166.4565157,43.43595443,7307.21367,457.9713809,77.3331481,380.6382328,293.5701584,264.8930258,354.3853848,166.2903584,26.15615449,7.275354265,0.026951931,89.3053626,16.10197277,0.274798555,7.367879967,6.081133648,363.1343251,130.8722104
5,25,40,246.8194444,152.8372222,42.79166667,7152.779722,416.5733333,61.63333333,354.94,238.3913889,257.4833333,332.9152778,149.6927778,23.54888889,6.699166667,0.163333333,76.90777778,13.67222222,1.480277778,7.370555556,4.930555556,613.2946833,310.9378235
15,25,41,224.0075,155.3661111,45.57472222,6507.663056,385.9622222,48.12444444,337.8377778,219.72,233.0458333,297.9805556,132.6980556,13.90805556,3.701666667,0.020833333,63.99472222,7.376944444,0.271666667,3.185277778,4.121944444,608.5117632,287.5624424
25,25,41,225.9880556,161.4202778,48.16611111,6149.415556,384.7380556,52.985,331.7530556,196.5030556,180.2869444,295.9433333,140.5072222,4.293333333,1.583055556,0,38.12944444,3.0025,0.006388889,0.894444444,1.920833333,353.5804361,209.8260692
35,25,96,232.2073171,141.6166777,47.80125247,5668.468359,371.5669084,77.2027027,294.3642057,196.9986816,233.1938036,297.2432432,154.1641397,26.54416612,7.044825313,0.005603164,67.00593276,14.47264338,0.163810152,1.402439024,8.205339486,505.4584733,339.5686057
45,25,72,246.9913619,143.1200691,42.77771379,7105.655341,410.9844515,78.86726173,332.1171897,204.191765,326.4932335,331.3066513,150.8453786,114.0302332,27.51943565,0.099625684,97.48401958,63.21307227,1.376043766,1.714367982,37.64180823,653.9693129,328.2538081
55,25,91,246.1644031,120.1279485,42.15117941,5845.555039,385.340243,102.1143674,283.2258756,188.8452466,302.2544675,316.2383846,167.0007148,104.3624017,28.90886347,0.106504646,107.5639743,70.3466762,1.799142244,2.66154396,61.75518227,528.7123714,653.5847177
65,25,107,236.858006,149.917422,43.56294058,6726.036757,396.4234642,55.25730111,341.1661631,213.2426989,245.1097684,315.9023162,143.1153072,153.1797583,47.4672709,1.125377644,102.0020141,100.6883182,6.448136959,51.4959718,45.03977845,653.6891469,585.566913
75,25,166,258.17151,136.2005698,42.76780627,5419.338746,408.6438746,92.08632479,316.5575499,286.6242165,237.0703704,323.5529915,182.6945869,702.3376068,236.9162393,1.642165242,137.0196581,567.2575499,11.73589744,146.4176638,19.45413105,279.2011959,197.755914
85,25,273,203.3921283,117.6396501,41.54956268,4984.553353,333.9918367,53.12507289,280.8667638,237.9845481,157.5134111,261.0690962,133.7827988,1220.30379,329.5172012,3.062973761,115.7565598,842.5431487,26.67142857,403.0183673,35.15889213,1126.121671,1763.235544
95,25,376,175.0869565,110.7005797,45.86956522,4131.81971,273.0298551,34.00057971,239.0292754,215.6133333,122.1591304,219.2550725,115.5124638,1706.855362,366.2602899,6.60115942,91.10637681,989.5423188,33.62,806.5626087,36.89391304,1532.824028,1596.92615
105,25,357,170.366015,93.02817711,38.45485911,5303.79701,281.1825762,38.27745831,242.9051179,226.6239218,100.2009776,231.6529615,96.40195515,1285.797585,255.1989649,17.05520414,78.96520989,689.7826337,63.32978723,662.1385854,66.7760207,1205.458493,950.2574454
115,25,169,184.62397,78.46441948,28.1576779,6985.555056,319.8576779,42.13932584,277.7183521,228.2771536,110.2644195,269.1011236,90.50973783,1584.369288,265.0430712,39.92022472,56.55205993,712.7516854,146.0093633,581.9505618,179.247191,313.268603,287.7566728
125,25,138,190.2737557,67.28959276,31.58371041,5535.334842,300.158371,75.97058824,224.1877828,236.1606335,135.1832579,258.1515837,117.6493213,2022.542986,321.9660633,65.3800905,50.34162896,837.1628959,225.0452489,762.7828054,254.5723982,473.2363682,636.5776469
135,25,3,226,57,31.8,4232.2,312.4,135,177.4,255.4,174,278.8,171.4,2163,289.8,111.2,29,700.4,367,588.8,368.6,17.03370787,19.42494263
145,25,1,238.1428571,46.14285714,34.42857143,3256.428571,300.6428571,165.5714286,135.0714286,272.6428571,194.7857143,276.1428571,193.9285714,1372.928571,167.3571429,55.57142857,30.35714286,456.7857143,203.1428571,421.5,204.2857143,54.04972376,83.60484278
155,25,0,256,47,41,2445,307,193,114,282,227,282,221,1006,162,41,44,387,149,387,170,5.333333333,3.214550254
-165,15,0,262,45,65,860,296,227,69,262,266,271,250,636,97,26,38,247,81,132,148,7.6,2.302172887
-155,15,3,182.6046512,87.95348837,72.41860465,1090.395349,242.7906977,122.1395349,120.6511628,173.627907,189.5813953,196.3023256,168.8604651,1850.534884,215.4418605,86.27906977,25.1627907,583.1860465,339.8837209,382.3953488,536.3023256,1250.986984,936.0422369
-115,15,1,242,58.77777778,41.11111111,2815.888889,306,164.5555556,141.4444444,280.5555556,227.8888889,280.5555556,207.4444444,253.8888889,64.11111111,0,101,165.1111111,1.222222222,165.1111111,18.33333333,182.5781818,225.4071828
-105,15,176,227.7774869,140.104712,68.28795812,1562.565445,328.1151832,123.1832461,204.9319372,234.526178,223.8612565,246.8534031,206.4031414,1066.15445,252.486911,3.654450262,105.6649215,683.9136126,16.33246073,334.9895288,37.80628272,1126.096074,759.4864191
-95,15,318,225.4106762,126.2661922,67.94234875,1587.393594,316.2099644,131.944484,184.2654804,233.7537367,215.9160142,243.1046263,202.833452,1615.088256,308.655516,23.84341637,82.13736655,813.7330961,84.93736655,398.5672598,136.0676157,932.9278475,905.9576729
-85,15,255,247.6756955,97.78623719,68.91434846,1223.663982,319.1522694,178.0614934,141.090776,252.0380673,245.2869693,261.0944363,230.2928258,1978.381406,324.6310395,38.1852123,62.21156662,849.1163982,138.3499268,452.0541728,326.5636896,354.5133201,408.9534683
-75,15,252,251.4241002,99.04068858,75.55555556,928.2206573,314.5805947,184.1502347,130.4303599,255.28482,241.0829421,261.5805947,238.1236307,1221.890454,206.7230047,28.02503912,61.02816901,505.2159624,102.0203443,334.8231612,153.8763693,413.2827344,592.8217938
-65,15,246,254.1578947,87.85150376,75.29699248,850.8703008,310.2744361,194.7030075,115.5714286,257.5770677,245.7030075,262.7894737,241.7932331,1312.800752,184.5639098,40.19172932,47.03571429,502.1503759,142.4135338,373.2161654,202.3853383,315.1891518,359.1408025
-55,15,9,257,86.5,76,863.5,308.5,195.25,113.25,261.5,249.5,264.75,243.75,1327.25,183,41,46.75,530.5,143.25,428,225.25,91.00823723,82.23825323
-25,15,3,229.02,57.14,55.22,1595.44,279.58,177.72,101.86,250.1,216.78,250.1,209.1,209.24,90.48,0,156.16,175.4,0.06,175.4,5.62,314.2588078,420.4080103
-15,15,208,276.2199224,139.2656317,57.78870203,2761.282018,390.702458,149.8231997,240.8792583,286.0202674,262.4010349,309.4519189,239.0577835,730.894351,219.2414834,0.191461837,132.2953859,539.0918499,1.399741268,91.82492454,74.86330315,167.408161,189.3733227
-5,15,181,281.6380556,146.7811111,55.78277778,3382.458611,406.9141667,143.0597222,263.8544444,291.345,253.8583333,322.3894444,235.8722222,498.1630556,148.0380556,0.220555556,128.4727778,354.6380556,1.72,74.26333333,52.67722222,307.8127722,59.05875679
5,15,181,278.4855556,144.6658333,54.99166667,3533.822778,400.6525,137.4472222,263.2052778,289.8119444,243.2966667,320.5975,229.9852778,417.1955556,130.8916667,0.01,141.2402778,306.2175,0.423055556,66.57027778,54.04833333,406.1203903,157.7611973
15,15,148,275.4719444,153.8433333,55.14527778,3815.678889,406.2352778,128.0366667,278.1986111,294.1947222,237.7788889,319.3872222,222.2441667,277.3144444,101.4769444,0.001944444,153.895,217.5180556,0.035555556,37.61277778,16.48333333,380.7859153,119.784907
25,15,130,263.0855556,164.5811111,59.03138889,3385.094722,392.7675,115.2980556,277.4694444,280.0241667,227.1008333,301.7230556,214.775,274.0358333,97.05722222,0.004444444,153.9311111,215.4988889,0.022777778,44.40305556,3.265277778,619.7279021,199.0851708
35,15,207,264.0115316,151.3290952,62.210822,2785.878474,384.9470727,140.6472501,244.2998226,271.9399763,237.7927262,296.8418096,226.1564163,448.6774098,130.1099941,1.640153755,133.7569486,310.7235364,6.984033116,67.39828504,144.5990538,756.3543809,624.4746946
45,15,170,248.785503,123.6845414,54.6068787,3632.239645,360.3365385,134.1619822,226.1745562,249.3435651,248.862426,293.0835799,201.6823225,144.0255178,34.96005917,1.524778107,85.78143491,75.5691568,10.16087278,38.03513314,25.21893491,854.7414224,564.5614672
55,15,65,256.9322519,115.3444656,50.90076336,3688.611641,366.773855,140.0305344,226.7433206,236.1908397,276.6040076,298.6211832,205.3473282,57.38167939,13.43225191,0.345419847,86.92938931,31.40076336,2.520992366,5.226145038,20.14312977,395.1576258,276.1966671
75,15,140,263.9496973,108.2794597,52.78761062,2537.904052,371.6530042,164.4406148,207.2123894,259.2780624,248.0843037,299.0712622,232.0055892,1195.237541,352.215184,2.479739171,102.1020028,803.7070331,13.80158361,182.2780624,199.2445272,450.6717901,269.924188
85,15,91,265.9364548,98.19230769,44.36789298,3231.30602,374.3628763,154.5401338,219.8227425,269.819398,228.2959866,308.0618729,222.0986622,1251.202341,315.7140468,3.886287625,104.3411371,798.9565217,18.41973244,241.7625418,52.81939799,295.7185344,283.5375536
95,15,248,258.1533382,101.4578136,53.74468085,1796.214967,349.8231842,158.9354365,190.8877476,260.2208364,240.4636831,279.5627293,232.8672047,2287.819516,486.6236244,6.705062362,90.39251651,1343.118855,32.86867205,427.9779897,91.58694057,325.529406,355.1062927
105,15,284,254.5380636,95.81670362,55.52475979,1983.767184,333.9878049,160.8861789,173.101626,262.2058389,229.6966001,276.5898004,225.7542498,1724.339985,356.6123429,8.472283814,83.03917221,926.5816704,43.23614191,461.8233555,79.25092387,300.3542462,334.7678576
115,15,143,259.975,73.95,60.15,1840.675,324.0583333,193.2,130.8583333,267.325,237.75,280.95,234.7583333,2100.208333,417.6833333,16.5,75.45,1085.591667,68.25,465.45,471.1416667,94.4198808,131.1559099
125,15,150,261.6459054,78.72202999,70.41291811,975.7301038,319.6747405,207.5340254,112.1407151,259.200692,257.2387543,272.9469435,247.7474048,2610.720877,441.9584775,62.87773933,58.17070358,1170.176471,226.627451,550.6516724,492.1372549,292.4439969,380.1286853
145,15,6,263.4137931,53,69.4137931,778.9655172,300.7931034,224.2413793,76.55172414,268.7931034,255,270.8965517,251.4482759,2027.413793,314.7931034,74.89655172,49.44827586,878.5172414,258.1034483,563.6551724,270.9310345,101.1719972,115.1771916
165,15,2,275.4615385,48,78.69230769,448,306.8461538,245.5384615,61.30769231,279.7692308,269.3076923,280.2307692,269,1653.230769,243.3846154,44.38461538,48.15384615,654.1538462,161.0769231,601.0769231,183.2307692,3.985294118,2.518544042
175,15,2,274,48,85,266,303,247,56,275,270,277,270,2410,290,91,30,810,330,794,405,7,2.529822128
-175,5,0,284,54.5,92,105.5,315,256,59,283,284,284.5,282.5,1355,146,80.5,17.5,393.5,273,308,317,2.25,2.62995564
-165,5,2,273.5,71,90,115,313.5,235,78.5,273,274,274.5,272,3682,395.5,209,19,1122,722.5,794,998,1.133333333,0.937102406
-155,5,2,275.0833333,67.33333333,88.91666667,180.0833333,313.8333333,238.4166667,75.41666667,275.1666667,275.4166667,276.9166667,272.5,1202.666667,214,34.66666667,63.41666667,529.25,127.5,255.8333333,276.75,1.295292439,0.663189765
-95,5,2,237.4545455,72.81818182,63.81818182,1329.454545,300.6363636,187.5454545,113.0909091,246,229.6363636,255.3636364,221.5454545,762.6363636,95.90909091,38.90909091,29.54545455,261.4545455,134.7272727,233.7272727,180.7272727,323.0748092,407.2642586
-85,5,244,244.2939068,94.21505376,76.1218638,638.655914,309.7741935,186.5519713,123.2222222,240.2616487,244.8709677,252.9713262,236.5232975,2854.125448,462.9103943,48.45878136,58.97132616,1191.003584,186.4516129,506.9605735,833.8207885,528.8910476,647.0402391
-75,5,464,239.2466079,94.54918589,81.57937585,515.756445,300.297829,184.4911805,115.8066486,235.3802578,241.3449796,245.3514247,232.0963365,2570.559023,344.401289,74.47014925,44.16994573,936.828019,286.9620081,467.8883989,805.183175,698.5839971,913.5829661
-65,5,331,260.1879213,101.5266854,82.03286517,538.7202247,325.511236,201.8547753,123.6564607,254.5952247,261.552809,266.3258427,252.8963483,2241.267978,343.8547753,64.26544944,54.94747191,955.4429775,230.9421348,364.3820225,781.9511236,263.3804431,305.8939497
-55,5,246,260.6294707,89.26657129,78.07629948,589.0767763,324.9561278,211.2350978,113.72103,256.9322842,267.9117787,268.6566524,253.6437768,2298.661421,373.0381497,60.39484979,52.83166428,978.0071531,220.5855985,240.3481164,691.1483071,186.4392792,139.5913721
-45,5,168,269.1875,74.875,77.3125,608.5625,325.6875,229.5625,96.125,262.8125,277.1875,277.1875,261.375,2940.6875,488.4375,14.5625,72.5625,1386.125,76.3125,77.375,1342.375,9.272292994,7.471964102
-15,5,204,260.9672544,108.8186398,68.28967254,1111.556675,344.906801,184.0302267,160.8765743,249.4307305,259.8060453,275.7052897,247.6675063,2804.949622,573.6574307,11.4559194,81.99748111,1505.528967,67.71536524,308.4206549,1335.79597,231.1743049,198.5231746
-5,5,264,261.4298963,107.2242226,70.12547736,1117.651391,341.8756137,188.8265139,153.0490998,255.6001091,262.3060556,276.0971086,247.193126,1536.111839,280.9754501,18.20785597,64.92853246,674.9023459,94.88216039,288.7348609,491.67485,258.0488121,155.8356206
5,5,345,263.9086909,101.5731573,69.08470847,1249.691969,342.9741474,194.9031903,148.0709571,251.0533553,265.6573157,280.8487349,248.1512651,1628.708471,290.010451,11.39878988,73.63091309,757.869637,54.559956,254.0363036,692.4510451,235.6024789,234.3577955
15,5,352,247.735,115.3177778,72.22138889,1023.298611,331.2144444,168.0194444,163.195,240.5405556,243.8563889,261.79,236.4286111,1512.675833,263.2472222,19.66916667,68.87833333,695.7613889,84.99555556,315.2619444,441.7111111,545.5181507,247.1222446
25,5,348,251.3613889,124.4663889,74.14527778,925.2675,339.1236111,168.1466667,170.9769444,244.2816667,249.135,264.1980556,240.8672222,1479.621111,225.1913889,27.91833333,61.57138889,616.8361111,107.4683333,289.2169444,396.4577778,582.3144563,175.679321
35,5,456,236.2513889,133.2194444,76.75166667,1011.484167,329.6630556,156.5280556,173.135,231.3694444,235.8775,250.0258333,223.8533333,922.7913889,168.2525,12.25222222,72.33722222,420.5961111,53.26916667,153.5783333,318.1791667,1027.547786,640.8421673
45,5,214,259.1902038,131.1387201,73.03289238,1199.93779,349.3350018,170.6499821,178.6850197,268.7912049,251.0343225,272.9531641,243.1444405,360.317483,94.20664998,1.604218806,107.6843046,186.116911,11.35788345,137.6818019,27.4855202,588.504728,456.8920936
55,5,33,275.9574468,126.4680851,64.53191489,2438.87234,373.787234,179.0425532,194.7446809,284.5744681,292.8723404,300.5531915,241.8510638,104.0425532,32.59574468,0,113.4255319,60.17021277,1.914893617,33.46808511,6.489361702,326.0141406,133.89818
75,5,115,274.8865546,70.02941176,63.69747899,1198.457983,331.3487395,221.0042017,110.3445378,266.8739496,273.9159664,289.4159664,258.9201681,1545.117647,291.3613445,28.05042017,70.27310924,716.2605042,118.789916,303.4663866,460.3151261,183.7355986,301.369026
85,5,92,265.647619,74.02380952,67.94761905,1111.495238,320.9666667,212.5571429,108.4095238,255.7238095,273.0666667,277.4428571,249.6428571,1856.628571,344.9666667,40.91428571,67.08095238,871.2809524,182.9095238,337.947619,607.8857143,184.7529912,311.3921032
95,5,255,253.0563584,90.5982659,81.32514451,484.9552023,311.4378613,200.533237,110.9046243,249.466763,252.9306358,259.1228324,246.6936416,2602.83815,340.9768786,103.2861272,37.16184971,943.3815029,363.7716763,594.4898844,681.8482659,435.4275524,549.0003133
105,5,304,263.4532578,87.4891407,83.42587347,489.2700661,317.6326723,213.4447592,104.1879131,259.7497639,263.223796,269.0585458,256.4249292,2523.346553,360.7261568,111.3163362,37.82813975,953.3021719,385.0566572,566.2162417,746.7488196,136.6247742,249.3334968
115,5,299,253.0627986,77.34129693,88.96518771,289.3372014,298.1044369,211.4539249,86.65051195,251.443686,252.7713311,256.0498294,249.0211604,3006.71058,339.9201365,170.2969283,21.10443686,933.9535836,565.0382253,727.5235495,798.6354949,350.9194135,384.1807995
125,5,206,256.4381625,86.6631331,84.48292108,399.2438163,309.9375736,207.8881037,102.04947,254.532391,256.623086,260.5347468,251.1283863,2377.153121,306.0706714,109.6018846,30.7844523,831.3133098,368.0129564,517.9187279,634.5865724,376.6417343,381.4513909
135,5,10,273.4210526,69.31578947,87.63157895,266.5263158,314.1052632,235.4210526,78.68421053,273.3157895,273.6842105,276.4210526,270,3258.421053,379.4210526,175.6842105,23,1051.421053,559,793.4736842,714.4736842,39.85433071,37.04734391
145,5,2,274.5,64.75,90,184,311,239.5,71.5,274,272.75,276.75,272.25,2956.5,332,145,24.5,941,478.75,791.5,629,4.571428571,5.556898495
155,5,5,272.8888889,65.11111111,86.66666667,127.1666667,309,234.1666667,74.83333333,271.8888889,272.6666667,273.7777778,270.7777778,4183.277778,420.8888889,228.3333333,16.33333333,1199.222222,809.2777778,1009.166667,1177.388889,103.936407,149.1731961
165,5,3,275.3913043,52.52173913,90,127.4347826,305.6956522,247.6086957,58.08695652,275.3043478,274.7826087,276.6521739,273.6086957,3657.086957,379.1304348,208.4347826,17.82608696,1056.608696,714.5217391,940.7826087,822.3043478,45.29545455,81.99154071
175,5,2,277.7954545,51.86363636,91.15909091,131.8636364,307.2727273,250.6590909,56.61363636,277.3409091,277.1590909,278.8181818,275.7727273,2506.454545,280.5454545,133.4318182,22.47727273,781.4090909,446,602,641.5454545,4.611214953,2.91230526
-175,-5,2,284.9285714,58.28571429,89.57142857,131.7857143,318.2857143,253.5714286,64.71428571,285.2142857,284.7142857,286,283,893.5,114.5714286,31.71428571,37.28571429,308.7142857,123.5,287.9285714,188.7857143,3.033333333,1.51703677
-165,-5,1,278.5,60.5,87.5,191,313,244.5,68.5,278.5,278.5,280,275,1864,261.5,88.5,38,709,285.5,504,380.5,3.222222222,1.855921454
-155,-5,2,281.625,57.25,85.875,269.375,315.875,249.75,66.125,281,279.125,285,278.625,1690.75,216.75,84,30.375,598.25,286.75,444.875,372.75,4.926829268,1.409398963
-95,-5,7,231.7115385,68.23076923,58.25,1554.653846,298.7884615,182.5,116.2884615,251.1153846,219.3269231,253.0384615,212.9038462,538.2307692,87.36538462,24.73076923,52.78846154,230.7884615,80.05769231,222.6923077,91.51923077,255.7331698,297.8943168
-85,-5,144,237.5526316,101.7017544,70.17105263,1553.828947,312.6973684,167.7149123,144.9824561,256.9254386,224.0394737,257.6842105,218.9561404,365.2719298,107.245614,2.333333333,139.2938596,251.2368421,9.942982456,239.8596491,13.42982456,178.5218871,214.5288567
-75,-5,444,235.4605939,105.0845231,82.22729869,543.8946316,297.9360366,170.4249001,127.5111365,236.7030268,230.9845802,241.064249,227.4685894,2162.009138,258.4211879,101.9011993,35.04911479,721.1364934,344.0799543,561.7155911,429.9714449,656.5541763,1001.551422
-65,-5,310,261.1691667,97.6125,81.11555556,405.0175,321.6725,200.9177778,120.7547222,259.4891667,259.6294444,265.6555556,255.5141667,2525.378611,329.7947222,89.43277778,41.15583333,929.4305556,306.2727778,494.8886111,566.6372222,96.66188056,45.72313374
-55,-5,284,259.9086111,106.6769444,76.68555556,461.9866667,332.5277778,192.2641667,140.2636111,255.8272222,261.0497222,265.7405556,254.6102778,2160.756667,339.1077778,38.63472222,59.44916667,947.7088889,145.47,311.1969444,716.4661111,184.9221296,121.1796547
-45,-5,245,262.305438,110.6629762,77.37935526,622.1957017,335.6926083,192.3712146,143.3213937,259.0315858,262.5503093,270.3793553,254.7785738,1499.704005,287.0237708,12.34190817,81.66688375,776.0634972,49.73721915,130.7385217,493.4295018,236.7209999,173.1094931
-35,-5,165,247.6955684,95.45953757,72.8044316,1176.964355,314.7707129,184.1830443,130.5876686,247.955684,247.9720617,260.0703276,230.4373796,815.9788054,176.9248555,8.760115607,85.82466281,455.9219653,34.64932563,156.5211946,186.2899807,326.1209878,208.7849383
-15,-5,0,252.5,30,44.5,1205.5,289,222.5,66.5,262.5,248,268,238,195,35.5,7.5,45,73.5,24.5,66,48,148.9133858,152.431719
5,-5,121,256.8764045,76.33707865,65.12359551,1225.910112,313.3820225,197.2134831,116.1685393,260.988764,237.6629213,269.0674157,237.6629213,2076.752809,382.4719101,1.730337079,70.74157303,878.8764045,15.34831461,745.5842697,15.34831461,44.23804104,34.99286432
15,-5,287,241.1235585,101.4958814,72.67413509,962.5914333,305.585832,165.8892916,139.6965404,245.2075783,226.7314662,250.5113674,226.5186161,1505.990445,240.8701812,11.58023064,64.1291598,608.5943987,59.70378913,514.8418451,69.14662273,528.804323,290.0476925
25,-5,381,235.5672222,113.0330556,78.56805556,561.4466667,305.0594444,159.5216667,145.5377778,234.7991667,228.8116667,241.4497222,227.9761111,1513.9425,216.3877778,27.68472222,55.67888889,591.6916667,116.9788889,378.5319444,153.3522222,795.7031236,379.1042794
35,-5,440,222.8328112,113.4417545,71.05183708,1178.316719,300.839362,141.8809456,158.9584164,228.1569353,208.0552549,235.9504415,205.9379094,969.9541441,195.6602108,9.043577328,82.79549986,485.4656793,37.48419254,264.6721732,52.35773284,1077.51243,516.0563975
45,-5,153,273.4924623,88.73366834,70.24623116,1149.773869,336.8492462,211.8643216,124.9849246,275.1005025,279,287.1055276,257.3316583,550.8492462,128.8743719,4.371859296,78.75879397,281.7085427,32.98492462,125.2512563,122.6884422,59.22169445,43.14536099
55,-5,2,262.2,44.6,65.8,712.6,299.0333333,231.7666667,67.26666667,264.5,254.2333333,270.5333333,252.3333333,1844.833333,313,63.3,48.63333333,787.2,208.7666667,485.8,239.8333333,103.5592417,153.1296783
75,-5,2,274.2,49,73.06666667,508.1333333,309.6666667,243.0666667,66.6,273.8,273.6666667,280.8,267.6,2447.666667,295.7333333,137.0666667,23.46666667,777.6666667,443.8,537,580.2666667,2.186206897,2.486033786
95,-5,156,267.9807692,91.59615385,89.48076923,272.2115385,319.1346154,217.3076923,101.8269231,265.1923077,268.5769231,271.6923077,264.8461538,3587.442308,434.3846154,208.1923077,24.90384615,1224.461538,665.7884615,783.5961538,1035.980769,59.4446791,56.68020555
105,-5,278,259.3912685,89.02718287,86.64003295,325.8830313,311.330313,209.0551895,102.2751236,256.84514,258.2166392,262.7660626,255.0963756,2733.637562,351.9126853,118.3970346,34.47281713,962.383855,391.3377265,669.7149918,769.9357496,238.7090221,388.805731
115,-5,314,256.3667732,86.4057508,82.87923323,416.9955272,309.5827476,204.8517572,104.7309904,255.6952077,254.6779553,260.1763578,250.4134185,2466.44345,332.0108626,98.2971246,42.10607029,908.1252396,331.0095847,576.9303514,557.6198083,212.5423541,350.8402091
125,-5,230,253.4026217,78.70318352,76.17322097,601.6367041,305.8539326,202.8164794,103.0374532,254.082397,250.6423221,259.5074906,244.5205993,1892.236891,272.7986891,61.65730337,45.95224719,735.338015,224.8426966,443.7546816,412.2509363,450.1237935,469.3773522
135,-5,205,250.7790614,78.28158845,82.15812274,584.0368231,299.8909747,205.0368231,94.85415162,252.33213,247.9768953,255.8577617,241.7364621,2901.472924,325.5566787,169.9191336,22.77906137,912.2909747,547.2447653,742.7877256,649.1458484,471.710591,795.2629177
145,-5,235,241.6173438,89.40388114,83.38265616,555.1394785,297.1631292,190.3353548,106.8277744,244.2437841,236.1928441,247.0187993,233.2941176,3012.564585,357.6858702,153.6482717,30.41297756,1001.628866,510.3529412,844.9260158,571.2031534,590.3059446,798.7017992
155,-5,121,259.1637168,70.07522124,84.39159292,424.0331858,302.119469,219.2986726,82.82079646,259.1393805,258.960177,262.9358407,252.6570796,3352.838496,408.4800885,193.4557522,24.34955752,1121.150442,641.5752212,873.7765487,849.9137168,342.7932848,396.3135997
165,-5,36,258.8358209,72.58208955,84.47761194,404.0298507,300.8208955,215.4477612,85.37313433,262.3731343,255.0298507,262.7910448,252.6268657,3077.776119,395.2985075,166.641791,29.14925373,1104.134328,583.9701493,995.1044776,629.6865672,275.5931953,323.2895148
175,-5,2,284.1724138,55.75862069,91.31034483,140.9655172,315.7241379,255.0344828,60.68965517,283.4137931,284.4137931,285.1034483,282.3448276,1979.62069,255.8965517,112.7931034,28.62068966,680.4827586,374.5517241,468.0344828,440.8275862,2.570446735,4.079936545
-175,-15,9,253.7307692,59.13461538,69.63461538,938.7980769,299.9230769,213.9038462,86.01923077,264.5673077,241.7788462,264.8942308,240.7115385,2534.817308,356.7884615,102.5,39.21153846,961.8942308,345.3461538,912.1730769,359.1346154,258.0026547,348.0418077
-165,-15,4,263,55.8,75.33333333,620.6,302.2666667,227.5333333,74.73333333,268.7333333,255,270.3333333,254.2,3244.266667,388.4,171.6666667,28.93333333,1078.666667,595.8666667,916,606.6,85.36645963,133.5980233
-155,-15,1,260.36,53.84,67.16,955.68,301.24,221.52,79.72,268.92,247.16,271.4,247.16,1892.6,270.44,68.24,44.8,759,225.12,624.96,225.12,74.59679573,115.1517845
-145,-15,1,247.6875,63.375,68.25,995.8125,293.9375,201.875,92.0625,256.1875,251.5179856,258.9375,233.75,1567.115108,220.2158273,61.52517986,39.87769784,618.057554,208.8057554,696.8125,204.75,199.3165247,301.4137326
-75,-15,356,145.2542169,139.6849398,74.0439759,1252.293976,231.7903614,43.91024096,187.8801205,154.0319277,134.0771084,158.8343373,127.2240964,1032.866867,167.176506,23.26506024,74.89819277,471.1126506,81.87650602,375.2698795,86.77349398,2374.296754,1697.388326
-65,-15,417,212.7577778,128.66,68.58111111,1503.590833,298.6375,111.8755556,186.7619444,224.5836111,193.6066667,227.225,190.3733333,1367.732778,230.7177778,22.45444444,70.99194444,631.2566667,86.81666667,406.4597222,111.4977778,1056.636968,1437.884459
-55,-15,273,247.7002778,128.5008333,69.06694444,1266.648056,332.0355556,147.1602778,184.8752778,255.3427778,231.5161111,259.0366667,228.2766667,1646.364167,286.9569444,11.20527778,71.60472222,792.6222222,48.54666667,458.435,82.00416667,358.1997097,176.9771382
-45,-15,277,233.1438889,121.0888889,69.71722222,1265.681667,313.3411111,140.805,172.5361111,240.4388889,218.0622222,245.8944444,214.2458333,1187.623889,227.5647222,7.224444444,80.01416667,613.8994444,28.32,331.0997222,44.48277778,630.1787746,238.6036477
-35,-15,203,237.6245283,85.35283019,66.36415094,1438.645283,301.9264151,174.8188679,127.1075472,239.8320755,233.4,253.4433962,216.8358491,1096.516981,148.4660377,48.78679245,35.68301887,396.7396226,172.545283,262.9358491,284.9188679,220.2156102,154.991043
-5,-15,0,191.6666667,28,35,1903.333333,237.6666667,158.3333333,79.33333333,203.6666667,205.6666667,216.6666667,168.3333333,617.3333333,95.33333333,17.33333333,41.66666667,229.6666667,71,163,169,289.9768786,215.0572383
15,-15,238,211.4846467,139.4224935,61.1927488,2358.265261,309.8745838,83.16722161,226.7073622,226.8224195,176.7021828,233.4372919,175.7665557,762.4620792,163.5231225,0,100.2053274,422.791343,1.126526082,240.7328894,3.931187569,1179.623101,343.4559216
25,-15,271,211.4786111,151.0547222,58.02833333,2737.208333,327.7488889,68.94194444,258.8069444,228.6916667,171.0983333,237.7922222,170.6925,925.4058333,205.5930556,0.003333333,105.4755556,574.9527778,0.971944444,279.2338889,3.050833333,1107.095897,168.2976173
35,-15,259,227.795679,118.795679,59.66481481,2300.141667,321.954321,123.3592593,198.5950617,243.6509259,201.8391975,251.7098765,193.8425926,1053.101543,242.1496914,4.310493827,104.7030864,669.7308642,17.92654321,351.0959877,25.57530864,694.6944541,419.5723325
45,-15,262,236.0707621,113.5186625,67.67496112,1776.696734,312.6399689,145.899689,166.7402799,251.8452566,213.8048212,253.6205288,209.9618974,1538.849922,358.2573872,16.13763608,98.07153966,920.7721617,62.88880249,718.218507,79.43079316,516.3224623,475.1150697
55,-15,54,243.4390244,75.29268293,62.43902439,1707.658537,302.8780488,183,119.8780488,261.5609756,233.5609756,262.9268293,219.8536585,2019.268293,285.6097561,66.92682927,43.3902439,793.6341463,244.1707317,765.1707317,361.5609756,180.51302,228.9093361
65,-15,1,243,57,53,1786.666667,293.6666667,187,106.6666667,264,232,264,219,1070,164.6666667,42.33333333,45.66666667,446,131.3333333,446,184,99.88387097,101.1601504
95,-15,0,266,46.5,72,601.25,299.5,235.5,64,272,261.25,273,257.5,1941.5,242,65.5,37,673.75,239.75,652.25,416.75,4.363636364,4.588151737
105,-15,4,256.5,49.25,74.5,581.25,291.25,225.5,65.75,260,249.25,263.5,247.25,1866.75,293.5,23.25,59.75,837.5,103.5,674,152,159.2176166,110.2062191
115,-15,54,263.8333333,132.8333333,59.33333333,3449.333333,361.3333333,135.3333333,226,300,246.3333333,300.6666667,214,490.5,125.8333333,2.833333333,104.6666667,307.3333333,12.66666667,257,37.5,9.126865672,14.041363
125,-15,130,270.005041,130.0781348,55.35097669,3460.286704,371.3232514,136.0510397,235.2722117,297.0126024,231.3333333,305.6868305,218.8588532,703.4814115,193.4253308,1.166981727,113.9609326,491.7983617,10.04725898,264.9376181,15.00063012,237.3496203,153.6656575
135,-15,95,264.9118979,131.6475916,54.88349115,3501.015644,370.3211198,130.6158913,239.7052285,292.5442569,214.8464389,302.2972417,213.562783,821.4462742,202.7562783,1.241663236,107.3841087,543.929189,8.76945245,314.6681762,9.387402223,180.8011877,103.735387
145,-15,213,252.4393396,119.0236899,58.35893754,2742.140704,346.1959799,141.8033022,204.3926777,275.4149318,220.7035176,282.2232592,212.4931802,1122.78392,278.5262024,8.361809045,108.7394113,740.1055276,30.09906676,510.724336,40.84493898,218.7297761,230.2400353
155,-15,91,258.3684211,62.84210526,68.70526316,969.5789474,308.8315789,217.7052632,91.12631579,261.2736842,254.6315789,269.2421053,245.0526316,2579.789474,305.0526316,133.2736842,29.54736842,861.4421053,441.1157895,696.9263158,589.0105263,194.9506677,241.7975932
165,-15,32,248.0111732,65.7877095,71.06145251,914.2681564,295.7039106,202.396648,93.30726257,257.7541899,238.4804469,258.7765363,235.3910615,2978.782123,367.7821229,155.1005587,30.06703911,1012.765363,517.2346369,992.7541899,558.2346369,239.3003109,244.3503114
175,-15,9,246.0656934,62.64963504,63.94890511,1218.160584,297.7445255,200.1751825,97.56934307,260.3649635,230.1678832,260.810219,229.5985401,2443.270073,349.2554745,95.59124088,42.97810219,969.0875912,319.1751825,966.5547445,324.3065693,214.3628953,210.5477748
-175,-25,2,234.25,62.5,55.875,1713.6875,293.9375,182.8125,111.125,252.4375,220.625,256.3125,212.25,1627.3125,216.5,87.6875,29.9375,588.1875,289.5,585.4375,322.625,44.70547945,71.2291177
-155,-25,2,239.75,55.41666667,57.41666667,1522.833333,288.75,192.75,96,255.75,222.5833333,259.25,220.5833333,1954,268,85.91666667,36.08333333,714,297.6666667,674,323,58.5088968,75.33388129
-145,-25,1,227,55.5,51.5,1866.5,280.5,174,106.5,231.75,215.0909091,251.5,204,2025.727273,218,121.3636364,19.18181818,617.3636364,398.5454545,614.5,426,62.64573991,89.14375003
-105,-25,1,202.3333333,71,56,1981.666667,271.3333333,145.3333333,126,199.3333333,189.3333333,229.3333333,179,1141.666667,136.3333333,75.33333333,18.66666667,358.6666667,240.3333333,247.6666667,284.3333333,116.027668,114.2011732
-85,-25,0,164,79,53,2386,243,96,147,145,193,196,136,161,35,1,85,94,5,8,65,2,0.816496581
-75,-25,36,140.2210526,108.1403509,59.75789474,2478.161404,231.1508772,53.0877193,178.0631579,114.6315789,168.7263158,171.8350877,108.2210526,33.94736842,9.649122807,0.242105263,85.62807018,22.9754386,0.835087719,1.245614035,21.70175439,1260.014554,988.8398973
-65,-25,243,159.8361111,145.1611111,56.97527778,3809.059722,280.0247222,25.1275,254.8972222,198.5780556,119.045,204.1911111,107.5277778,443.515,82.44944444,4.838611111,86.92861111,221.94,19.87944444,215.8427778,25.40611111,1664.616552,1675.477449
-55,-25,259,212.1536111,119.1794444,57.06944444,3131.520278,313.9936111,105.5475,208.4461111,234.0291667,179.9758333,249.3208333,170.5391667,1418.028889,174.5597222,63.27527778,31.91861111,473.6402778,224.9977778,441.3444444,248.31,324.1352699,266.67968
-45,-25,261,200.4255875,111.1436031,60.83420366,2286.186684,282.5326371,101.7715405,180.7610966,224.7062663,170.7317232,226.6253264,168.9379896,1440.676893,238.555483,37.42885117,58.40665796,652.1762402,130.8146214,591.0900783,143.8714099,658.0786837,333.0718486
-25,-25,0,246.75,9.5,16,1716.5,277.25,219.75,57.5,260.5,262.75,268.75,224.25,741,87.5,40.75,25.25,251,137,161.25,153.75,102.7222222,142.3867168
15,-25,142,188.5323356,154.1245323,59.26349546,3765.67985,308.6034206,47.61517905,260.9882416,220.848744,148.2549439,231.3944415,136.3821486,199.9561732,49.09994655,0.786210583,92.29877071,128.6905398,4.181186531,94.71833244,7.149652592,1052.904329,407.6191506
25,-25,231,188.9819444,160.7063889,54.61,4570.638889,316.0227778,23.64805556,292.3747222,233.805,125.9105556,238.4380556,124.5761111,446.9813889,87.15277778,3.171111111,80.45944444,234.7347222,12.99861111,211.3302778,13.55138889,1167.090924,294.7997243
35,-25,237,216.7317582,128.9193885,59.52883947,2942.036136,309.0597637,94.15774844,214.9020153,247.5948575,179.113968,248.2515636,174.3120222,725.4933982,134.6643502,11.161918,76.41000695,376.0917304,41.31410702,366.7282835,43.91799861,443.3300147,445.3188903
45,-25,126,226.2002328,127.6880093,63.20954598,2577.046566,316.0128056,116.4551804,199.5576251,252.9685681,194.2537835,253.3841676,189.0826542,1104.090803,239.4284051,18.71711292,92.46682189,633.5634459,69.20372526,591.0197905,88.13271246,520.1047066,417.0967884
55,-25,7,215.862069,66.5862069,53.06896552,2145.862069,278.8275862,154.7241379,124.1034483,242.6896552,196.5172414,242.6896552,188.3793103,1586.896552,255.8275862,48.62068966,51.55172414,693.0344828,175.2758621,693.0344828,221.3793103,591.6216854,610.5118948
115,-25,77,230.4692898,142.7332054,47.65019194,5578.287908,381.8397313,84.11420345,297.7255278,231.0902111,235.3637236,299.1401152,156.7840691,268.2528791,53.56190019,3.717850288,68.61036468,134.1900192,15.88435701,93.14779271,82.23752399,335.1268017,183.1246312
125,-25,67,228.3244444,149.2625,47.52305556,5766.873333,378.6058333,67.10833333,311.4975,278.1208333,193.5827778,295.4294444,149.4822222,231.5116667,43.66083333,5.5775,55.85666667,108.3516667,21.07027778,100.3052778,35.48611111,410.1828785,105.3606243
135,-25,63,221.4113889,153.5297222,48.02861111,5824.406944,373.6402778,56.94944444,316.6908333,285.1341667,161.2766667,290.5172222,142.2961111,241.1652778,44.52583333,6.724166667,52.9225,112.7566667,26.34305556,108.8697222,29.65138889,299.1218556,203.714323
145,-25,114,219.2332304,143.6528207,48.5742352,5399.258209,357.1352793,63.30255403,293.8327252,278.0426607,162.9668818,282.7499298,144.9854056,462.6205445,85.31911311,12.1872018,57.96772383,221.5127701,48.88324446,211.1821499,54.92758911,229.5586159,125.6736428
155,-25,103,192.5249042,126.2592593,50.59770115,4353.031928,305.3537676,58.20178799,247.1519796,242.0842912,142.0906769,243.4444444,132.2950192,914.4878672,133.6436782,32.22094508,43.01021711,371.7241379,119.3461047,363.9501916,135.3052363,313.3817915,235.0419326
165,-25,14,222.1129032,72.58870968,53.78225806,2217.233871,286.4274194,152.6451613,133.7822581,249.2580645,204.9516129,249.7983871,192.8064516,1625.564516,237.7903226,67.93548387,42.99193548,671.9274194,221.0887097,669.4516129,255.1693548,244.5795808,247.8997815
175,-25,0,226,67,53,1989,290,164,126,252,216,252,201,1997,260,107,30,723,336,723,377,2,1
-175,-35,0,187,73,52,2379,261,121,140,159,173,218,157,1559,164,96,17,469,313,409,422,16.33333333,35.60711539
-85,-35,1,147,73,53,2305,219,82,137,134,172,178,119,1021,158,33,55,468,103,128,359,101.3023256,198.1643447
-75,-35,73,100.7920686,130.0364416,55.18006431,3806.172562,236.8949625,2.961414791,233.9335477,58.2357985,148.3322615,150.5916399,52.90353698,864.0107181,170.0096463,15.62057878,81.3772776,463.9935691,57.81993569,58.96034298,437.1071811,1162.618637,1079.062795
-65,-35,130,151.7329562,146.1533239,48.94285714,5310.247525,308.4455446,12.61867044,295.8268741,196.046959,96.68826025,219.5131542,83.37142857,531.2557284,77.84639321,15.4602546,47.24299859,206.4475248,54.01216407,189.3595474,60.05685997,527.0649482,722.1926413
-55,-35,139,171.6281548,113.399327,46.93550196,4338.94111,303.2540662,64.18564218,239.068424,194.0891755,149.0830062,227.4083006,117.4290522,1145.624229,122.4290522,68.45092541,17.48345485,336.4234436,227.0128996,301.8132361,247.7010656,90.69924532,81.13140413
-15,-35,0,133.2,54,45,2285,196,77,119,109.8,163,163,104.8,1753.4,175.4,107.4,14.4,505,342.8,342.8,495.6,504.6778846,479.2207313
15,-35,107,168.8280802,139.6189112,55.76217765,3887.613181,298.6361032,50.42406877,248.2120344,128.504298,211.8882521,216.4126074,117.9054441,323.9283668,51.28080229,8.730659026,53.94269341,142.4842407,32.46991404,35.67048711,139.277937,520.5317823,372.6908865
25,-35,162,157.7239082,145.2272391,54.00148038,4263.128053,288.9059956,20.15396003,268.7520355,190.0281273,115.1065877,209.5862324,100.334567,449.4441155,65.15321984,15.88675056,43.27831236,173.434493,54.95706884,153.1324944,60.36713546,1039.595121,465.2290265
35,-35,98,185.4666667,93.73333333,55.16666667,2452.866667,258.4666667,90.76666667,167.7,212.9666667,152.8,215.4333333,152.0333333,1024.766667,137.1,27.63333333,46.36666667,382.9666667,101.7,382.2666667,101.7333333,454.5705457,293.1333024
75,-35,0,128,46,42,2146.333333,188.6666667,80,108.6666667,119.3333333,141.6666667,156.6666667,103.3333333,1138.666667,115.3333333,79.66666667,12.33333333,333.3333333,258,258.6666667,286.6666667,194.5929204,208.0040194
115,-35,53,168.2509004,126.8127251,49.68787515,4538.206483,312.0840336,58.04201681,254.0420168,119.0312125,210.8367347,227.3157263,112.3889556,516.2160864,90.84513806,13.51260504,56.13685474,243.0480192,48.10804322,53.01560624,237.9759904,281.3005423,108.6182674
125,-35,47,174.9019248,132.4766269,51.52428964,4332.495875,308.9275894,53.08982585,255.8377635,139.4949588,192.9770852,228.4747938,117.4601283,290.4592117,36.45187901,14.96516957,25.52703941,99.38588451,50.51695692,57.41796517,91.49679193,231.0197788,110.0656009
135,-35,77,175.0608255,132.865315,50.30412744,4642.862419,314.8747285,52.50398262,262.3707458,147.1904417,203.8443157,233.1144098,114.3569877,293.4757422,38.67270094,12.26212889,30.37002172,106.2519913,44.20637219,50.28167994,98.97538016,154.9294304,125.5963574
145,-35,101,159.9615764,129.3694581,47.05517241,5094.034154,306.4781609,33.59310345,272.8850575,165.6505747,162.2197044,224.8036125,94.07553366,537.752381,62.7589491,29.34121511,21.85747126,169.5691297,100.9993432,119.6591133,144.0318555,242.451734,257.7996647
155,-35,86,156.2119816,120.4654378,48.87788018,4446.009217,274.1290323,30.28801843,243.8410138,206.6313364,108.3064516,210.5967742,96.83870968,1022.258065,137.3087558,47.81797235,31.50691244,367.578341,159.9953917,343.7327189,192.2788018,484.6923432,355.4188813
175,-35,6,132.4237288,88.84322034,47.10805085,3319.550847,230.3474576,43.68220339,186.6652542,90.52966102,166.4978814,174.8622881,89.52754237,1635.586864,176.9088983,98.0529661,18.21610169,507.6504237,326.5021186,341.7648305,506.970339,322.5515826,293.6952213
-175,-45,1,114.8235294,56.52941176,43.17647059,2462.352941,181,51.64705882,129.3529412,90.17647059,127.1764706,146.8235294,83.88235294,908.4117647,106.9411765,53.47058824,22.58823529,297.7647059,178.2941176,197.8823529,287.1764706,71.82038835,78.97258583
-75,-45,70,71.64557704,88.88166374,47.48799063,3552.218512,173.1628588,-11.60984183,184.7727006,44.69420035,102.6818981,116.288225,25.37961336,1425.58348,171.1599297,77.31107206,32.57059168,486.3022847,260.5202109,280.321031,451.1775044,707.6092745,468.6998032
-65,-45,53,109.2216809,122.3544458,47.16077954,5000.065164,248.864799,-7.417783191,256.2825822,73.77527406,127.1638246,172.0511571,44.40073082,200.6278928,26.03897686,10.27527406,27.8319123,68.67661389,36.07064555,41.23325213,56.22046285,466.6469562,377.1679352
-15,-45,0,112,50,45,2084,170,61,109,89,139,139,85,3161,315,185,14,899,647,647,853,171,232.1034252
-5,-45,0,104,51,46.5,2055,162,53.5,108.5,80.5,130.5,130.5,77.5,3208.5,316,189.5,13,907,662.5,662.5,863.5,318.0982143,265.4599598
35,-45,0,51.16666667,51.33333333,54.5,1481.333333,101.3333333,8.166666667,93.16666667,58.66666667,41.33333333,71.5,32.83333333,2425.166667,230.5,177.6666667,7.666666667,662.3333333,549.3333333,628.6666667,571.5,328.4199346,296.9434556
55,-45,0,51,41.125,45.125,1717,101.625,11.125,90.5,40.125,37.875,74.625,31,2367.875,242.125,153.625,14.375,697.625,481.625,582.625,612.125,269.2825746,223.5661199
65,-45,1,40.34545455,61.21818182,50.49090909,2167.636364,107.8,-12.18181818,119.9818182,48.10909091,66.96363636,68.89090909,14.63636364,780.2727273,76.30909091,52.25454545,11.49090909,216.9818182,171.3818182,173.7454545,212.2545455,263.8590016,283.344298
75,-45,1,44.53333333,62,50.93333333,2172.8,112.2,-8.8,121,34.53333333,71.26666667,73.06666667,18.86666667,727.8666667,70.93333333,47.46666667,12,201.8,157.3333333,158.7333333,200.6666667,108.1678858,150.6605862
145,-45,36,106.4578313,86.09337349,49.67168675,2924.560241,201.7831325,29.96686747,171.8162651,75.97891566,144.0060241,144.1927711,68.67168675,1263.63253,146.4307229,59.06626506,23.93373494,408.3433735,208.496988,209.1807229,398.7650602,373.4940615,299.5636693
165,-45,7,81.47515528,97.04658385,46.83850932,3764.621118,190.4751553,-15.10559006,205.5807453,81.36956522,44.94720497,128.1490683,30.17080745,1878.381988,186.2608696,119.7639752,12.60248447,517.8602484,414.9968944,463.8229814,420.3167702,609.7948454,478.1586364
175,-45,6,100.3457031,89.40820313,45.75195313,3593.041016,200.5234375,7.162109375,193.3613281,83.06445313,124.5957031,144.8867188,52.25976563,1556.890625,159.5996094,86.01757813,16.125,454.109375,316.4511719,330.4082031,416.9335938,557.7518761,481.4578249
-75,-55,40,56.04337051,76.23172243,47.45477076,3018.427509,141.4981413,-17.44857497,158.9467162,67.03345725,46.03097893,93.18587361,15.72862454,1505.019827,155.7013631,102.0582404,13.3952912,428.5377943,334.291202,392.0185874,347.1846344,342.4006219,340.3477552
-65,-55,30,54.17013233,81.33459357,49.80718336,3098.440454,142.1247637,-20.05671078,162.1814745,69.8147448,39.66351607,92.10964083,13.14933837,488.0982987,52.65028355,27.88090737,19.15311909,145.3931947,93.11909263,134.9035917,114.5217391,211.273273,231.7477447
-55,-55,3,57.34117647,70.45882353,51.07058824,2591.047059,132.7058824,-3.929411765,136.6352941,88.27058824,41.42352941,89.02352941,24.11764706,559.8117647,65.92941176,33.37647059,19.6,172.0941176,106.1882353,164.8588235,128.1176471,68.5216515,88.19565173
-45,-55,0,23,57,41,2688,90,-48,138,32,34,56,-14,1115,112,70,15,330,219,292,290,3,0
-35,-55,0,4.52173913,61.26086957,45.08695652,2458.913043,74.34782609,-60.2173913,134.5652174,8.586956522,24.39130435,34.93478261,-28.04347826,1569.26087,162.2173913,90.02173913,17.7173913,467.4347826,291.4565217,393.2391304,423.2391304,484.6628462,417.3512145
-25,-55,0,116.3076923,42.38461538,27.92307692,3580.692308,196.3846154,46.84615385,149.5384615,74.84615385,160.6923077,163.2307692,70.92307692,3803.923077,434.1538462,198.1538462,23.15384615,1222.076923,663.4615385,698.8461538,1117.384615,167.9800797,245.0654621
5,-55,0,64,33,34,1858,111,16,95,50,87,87,39,3230,386,158,27,1101,537,537,926,165.3693694,209.9767055
75,-55,0,23.88888889,55.11111111,46.77777778,2273.111111,89.88888889,-27.33333333,117.2222222,15.88888889,52.11111111,54.11111111,-2.666666667,851,90.22222222,49.77777778,17.22222222,250.6666667,165.8888889,170,239.8888889,560.8017566,592.2056323
155,-55,1,43.5,33.5,46.75,1433.25,82,11.25,70.75,58.25,27.5,63.25,27.5,955.25,95,69,10.5,272.75,214.5,267,214.5,127.5224913,109.819108
165,-55,1,68.4,63.33333333,54.26666667,1903.8,129.2,13.13333333,116.0666667,72.6,46.86666667,92.66666667,43.8,1467.8,140.2,106.2666667,8.133333333,405.6,339.8666667,378.4,343.6666667,167.5955935,156.5071654
